frame,time,track_id,confidence,pixel_x,pixel_y,court_x,court_y
0,60.0,1,0.8617634773254395,1812.0634,715.3028,4.686505317687988,26.252168655395508
1,60.02,1,0.8578643798828125,1814.0105,711.56287,4.813047885894775,26.22425651550293
2,60.04,1,0.8150252103805542,1810.0958,711.9067,4.78016996383667,26.21307945251465
3,60.06,1,0.8178324699401855,1809.6578,711.9002,4.777897357940674,26.211402893066406
4,60.08,1,0.7022172808647156,1806.8269,712.33936,4.7482829093933105,26.205158233642578
5,60.1,1,0.7014728784561157,1806.391,712.34265,4.745724678039551,26.20358657836914
6,60.12,1,0.807425320148468,1800.8589,710.39197,4.775162220001221,26.164461135864258
6,60.12,2,0.6671237349510193,377.8799,444.18915,5.62221097946167,-0.11934766918420792
7,60.14,1,0.8698632717132568,1799.124,712.10895,4.712028503417969,26.174646377563477
7,60.14,2,0.6387568116188049,372.8562,444.4269,5.498330116271973,-0.04963243380188942
8,60.16,1,0.8699873089790344,1799.015,712.2292,4.707705497741699,26.17540168762207
8,60.16,2,0.640232503414154,372.01886,444.54153,5.4694037437438965,-0.014016765169799328
9,60.18,1,0.8548007607460022,1796.5586,714.444,4.626197814941406,26.18755531311035
9,60.18,2,0.720514178276062,373.047,444.43332,5.501279354095459,-0.0473046712577343
10,60.2,1,0.8547543883323669,1796.3359,714.66284,4.618321418762207,26.188819885253906
10,60.2,2,0.7205562591552734,373.2361,444.4531,5.5026936531066895,-0.040683563798666
11,60.22,1,0.8849939703941345,1774.4153,715.04517,4.485194683074951,26.112890243530273
11,60.22,2,0.7001964449882507,368.85632,444.58264,5.4042510986328125,-0.005330082960426807
12,60.24,1,0.9048227667808533,1763.0537,714.4992,4.4385809898376465,26.066463470458984
12,60.24,2,0.7318189144134521,366.57123,445.16803,5.2964301109313965,0.17734640836715698
13,60.26,1,0.9056629538536072,1761.8853,714.4631,4.433192729949951,26.0618839263916
13,60.26,2,0.7320739030838013,366.2282,445.30652,5.274886608123779,0.2204679250717163
14,60.28,1,0.9104121923446655,1757.1953,713.0031,4.450541973114014,26.030412673950195
14,60.28,2,0.6997069716453552,364.15845,444.96118,5.273232936859131,0.10841403156518936
15,60.3,1,0.910956621170044,1756.7628,712.92865,4.450357437133789,26.028099060058594
15,60.3,2,0.7039005160331726,363.59235,444.95523,5.263152599334717,0.10570641607046127
16,60.32,1,0.9122936725616455,1743.7832,717.3562,4.249693870544434,26.025400161743164
16,60.32,2,0.7154408693313599,361.6317,444.8121,5.241543292999268,0.05749506875872612
17,60.34,1,0.9008037447929382,1741.6384,724.6592,4.033849239349365,26.08827018737793
18,60.36,1,0.9005764722824097,1741.5227,725.2314,4.017634391784668,26.0932559967041
19,60.38,1,0.9100058674812317,1733.0621,726.722,3.9328911304473877,26.077852249145508
20,60.4,1,0.9099878072738647,1732.4563,726.81274,3.9272871017456055,26.07660675048828
21,60.42,1,0.891033411026001,1733.6506,727.29333,3.9206809997558594,26.085248947143555
22,60.44,1,0.9180881381034851,1728.0548,726.9732,3.899975061416626,26.062877655029297
23,60.46,1,0.9161877632141113,1727.6339,727.0558,3.8955745697021484,26.06220054626465
24,60.48,1,0.907331109046936,1718.407,724.2595,3.9220633506774902,26.00347328186035
25,60.5,1,0.907023012638092,1717.6687,724.0956,3.922589063644409,25.99931526184082
26,60.52,1,0.9166678190231323,1716.3699,724.1253,3.914944887161255,25.995086669921875
27,60.54,1,0.9195085763931274,1712.7461,724.451,3.8871309757232666,25.98566246032715
27,60.54,2,0.6838809847831726,352.2912,434.63705,6.28012752532959,-3.576054573059082
28,60.56,1,0.919502854347229,1712.571,724.47406,3.8855929374694824,25.985279083251953
28,60.56,2,0.6839374899864197,352.00873,436.36963,6.046337604522705,-2.8972811698913574
29,60.58,1,0.9162473082542419,1711.6815,723.88806,3.89662766456604,25.97647476196289
30,60.6,1,0.9163150787353516,1711.6646,723.8768,3.8968417644500732,25.97630500793457
31,60.62,1,0.9066820740699768,1710.7632,724.5265,3.874690055847168,25.979515075683594
32,60.64,1,0.8818488121032715,1716.8866,724.4478,3.908993721008301,26.000011444091797
33,60.66,1,0.8817606568336487,1717.5591,724.46185,3.9121556282043457,26.002485275268555
34,60.68,1,0.884017825126648,1711.0746,723.77234,3.8965392112731934,25.97323226928711
35,60.7,1,0.8839770555496216,1710.5298,723.6973,3.895684242248535,25.970603942871094
36,60.72,1,0.8865806460380554,1713.1587,724.96625,3.875516891479492,25.992097854614258
37,60.74,1,0.8785282969474792,1707.8103,724.2637,3.8662002086639404,25.966705322265625
38,60.76,1,0.8784812092781067,1707.3644,724.2672,3.863762617111206,25.965192794799805
39,60.78,1,0.8926883935928345,1708.1946,723.6872,3.883654832839966,25.962387084960938
40,60.8,1,0.892571210861206,1708.2924,723.6678,3.884690523147583,25.962535858154297
41,60.82,1,0.8728495836257935,1706.7327,722.5927,3.9053843021392822,25.94650650024414
42,60.84,1,0.885108232498169,1705.6465,724.2218,3.855950117111206,25.958789825439453
43,60.86,1,0.8854145407676697,1705.4873,724.3097,3.852769613265991,25.95909881591797
44,60.88,1,0.8937984108924866,1706.5527,724.47076,3.8540685176849365,25.964370727539062
45,60.9,1,0.8940023183822632,1706.7542,724.36865,3.857849359512329,25.964069366455078
46,60.92,1,0.8939105868339539,1711.6663,724.91016,3.8691835403442383,25.986379623413086
47,60.94,1,0.8914546370506287,1709.4507,723.85504,3.8857669830322266,25.96839714050293
48,60.96,1,0.8915397524833679,1709.1973,723.8214,3.8853347301483154,25.967187881469727
49,60.98,1,0.9014295935630798,1710.4285,725.97485,3.8343961238861084,25.99241065979004
50,61.0,1,0.9014284014701843,1710.4641,726.1894,3.8289034366607666,25.994604110717773
51,61.02,1,0.8995633125305176,1711.9111,727.24695,3.808546543121338,26.009756088256836
52,61.04,1,0.8947538137435913,1712.4263,729.30426,3.757427215576172,26.031084060668945
53,61.06,1,0.8941125869750977,1712.416,729.4066,3.7547154426574707,26.032014846801758
54,61.08,1,0.8968682885169983,1713.2878,730.4847,3.731295347213745,26.045133590698242
55,61.1,1,0.8967857956886292,1713.2866,730.66583,3.7266156673431396,26.046825408935547
56,61.12,1,0.9063933491706848,1715.1841,728.118,3.802671194076538,26.02931785583496
57,61.14,1,0.9090020060539246,1716.9656,728.45215,3.8031508922576904,26.038606643676758
58,61.16,1,0.9091251492500305,1717.0051,728.46295,3.803072690963745,26.03884506225586
59,61.18,1,0.9128372073173523,1718.2756,731.64374,3.727037191390991,26.072938919067383
60,61.2,1,0.9131447672843933,1718.2153,731.68976,3.7255444526672363,26.07316017150879
61,61.22,1,0.9124237895011902,1719.2366,731.5676,3.7339234352111816,26.075510025024414
62,61.24,1,0.8972360491752625,1731.364,732.1337,3.781528949737549,26.122074127197266
63,61.26,1,0.8977543711662292,1732.3445,732.08057,3.7879395484924316,26.124937057495117
64,61.28,1,0.9134731292724609,1729.4592,736.1022,3.6703813076019287,26.151344299316406
64,61.28,2,0.6213718056678772,346.98328,436.086,5.9764580726623535,-3.007389783859253
65,61.3,1,0.913781464099884,1729.1257,736.34283,3.6626265048980713,26.152360916137695
65,61.3,2,0.6373463273048401,346.5438,443.18198,5.131215572357178,-0.487946093082428
66,61.32,1,0.9099457859992981,1729.6396,737.66595,3.6320064067840576,26.16581153869629
66,61.32,2,0.5857226252555847,348.65692,444.4112,5.039355278015137,-0.08824022859334946
67,61.34,1,0.8972391486167908,1735.5676,737.8198,3.657978057861328,26.187095642089844
67,61.34,2,0.6772332191467285,350.2677,445.3554,4.970113277435303,0.21202389895915985
68,61.36,1,0.8972784876823425,1735.9995,737.83307,3.6598196029663086,26.18866539001465
68,61.36,2,0.6772123575210571,350.57587,445.49408,4.961387634277344,0.2557469308376312
69,61.38,1,0.9192321300506592,1745.7693,736.2307,3.7497401237487793,26.207616806030273
69,61.38,2,0.6727597117424011,352.23596,444.35788,5.112630367279053,-0.10034486651420593
70,61.4,1,0.9232327342033386,1746.2223,735.80475,3.762925148010254,26.205421447753906
70,61.4,2,0.6743762493133545,352.60223,444.3665,5.1186370849609375,-0.09709290415048599
71,61.42,1,0.910184919834137,1752.1647,735.87726,3.791283130645752,26.226213455200195
71,61.42,2,0.7291780114173889,352.78812,444.8294,5.072717189788818,0.05033126100897789
72,61.44,1,0.8987740874290466,1758.1555,733.267,3.889660358428955,26.223798751831055
73,61.46,1,0.8985174894332886,1758.5518,733.16364,3.8944101333618164,26.224246978759766
74,61.48,1,0.8700680732727051,1766.2158,733.3938,3.9278147220611572,26.25252342224121
75,61.5,1,0.8704219460487366,1765.9043,734.1584,3.906120777130127,26.258100509643555
76,61.52,1,0.8714439868927002,1768.3962,739.22906,3.787794589996338,26.30980682373047
77,61.54,1,0.8592187166213989,1771.3513,739.1625,3.8044092655181885,26.319229125976562
78,61.56,1,0.8599775433540344,1770.939,738.9146,3.808657646179199,26.31576156616211
79,61.58,1,0.8634485602378845,1772.6768,739.90216,3.7922444343566895,26.329870223999023
80,61.6,1,0.863448977470398,1772.7839,739.918,3.7923805713653564,26.330364227294922
81,61.62,1,0.8620431423187256,1776.3132,742.6163,3.7419075965881348,26.364431381225586
82,61.64,1,0.8621480464935303,1778.9437,743.29553,3.7380049228668213,26.378753662109375
83,61.66,1,0.8612416982650757,1779.303,743.41595,3.7367806434631348,26.380929946899414
84,61.68,1,0.848534107208252,1779.3025,743.0377,3.74625563621521,26.37786865234375
85,61.7,1,0.8484601974487305,1779.3883,743.197,3.742689371109009,26.379446029663086
86,61.72,1,0.8467718362808228,1780.2483,742.6787,3.7599968910217285,26.378129959106445
87,61.74,1,0.8395155668258667,1780.147,742.8698,3.7546865940093994,26.37933921813965
87,61.74,2,0.7094760537147522,362.38684,443.06766,5.449167728424072,-0.5061162710189819
88,61.76,1,0.8395154476165771,1780.114,742.9427,3.7526912689208984,26.379817962646484
88,61.76,2,0.7094827890396118,363.4582,445.85175,5.164166450500488,0.3866555690765381
89,61.78,1,0.8340886235237122,1779.1431,741.82135,3.7760801315307617,26.367446899414062
90,61.8,1,0.8383008241653442,1778.2773,742.5539,3.753286361694336,26.370506286621094
91,61.82,1,0.8345257639884949,1777.2249,740.6954,3.7949745655059814,26.351764678955078
91,61.82,2,0.6842522621154785,362.24188,432.15613,6.849212646484375,-4.605485439300537
92,61.84,1,0.8452045917510986,1777.4912,737.31384,3.883103847503662,26.324552536010742
92,61.84,2,0.7915545701980591,364.95682,443.18265,5.4860615730285645,-0.4650283753871918
93,61.86,1,0.8455788493156433,1777.6411,737.12115,3.888866424560547,26.323442459106445
93,61.86,2,0.790797233581543,365.24146,444.66553,5.3261189460754395,0.0160138588398695
94,61.88,1,0.8322558403015137,1778.6006,736.8419,3.901015520095825,26.32436180114746
94,61.88,2,0.7374551892280579,366.29272,435.7364,6.435415744781494,-3.1402747631073
95,61.9,1,0.8360358476638794,1778.6013,736.39166,3.912752389907837,26.320571899414062
95,61.9,2,0.7384103536605835,366.70795,442.5351,5.594343185424805,-0.6779024004936218
96,61.92,1,0.8415412902832031,1779.3423,738.10114,3.872138023376465,26.337430953979492
96,61.92,2,0.707323431968689,366.98596,434.53027,6.616231441497803,-3.6202359199523926
97,61.94,1,0.8427028656005859,1779.3909,736.8868,3.903879165649414,26.327430725097656
97,61.94,2,0.7798002362251282,368.43784,437.79178,6.209285736083984,-2.353090524673462
98,61.96,1,0.8420941233634949,1778.9092,735.835,3.9288783073425293,26.316919326782227
98,61.96,2,0.7778482437133789,369.00552,441.2195,5.794517517089844,-1.1223149299621582
99,61.98,1,0.8387050628662109,1777.9402,735.1241,3.942563533782959,26.307575225830078
99,61.98,2,0.8070970177650452,369.64557,444.82202,5.392823696136475,0.07218483090400696
100,62.0,1,0.8386799097061157,1777.8528,735.00494,3.9452474117279053,26.306262969970703
100,62.0,2,0.8071096539497375,369.62476,445.32028,5.337662220001221,0.22989165782928467
101,62.02,1,0.8501994609832764,1776.4453,735.6521,3.9210517406463623,26.30695343017578
101,62.02,2,0.7991160154342651,370.63522,445.53214,5.333657741546631,0.2979834973812103
102,62.04,1,0.8483318090438843,1774.712,736.3616,3.8936731815338135,26.307058334350586
102,62.04,2,0.2699123024940491,373.0577,445.73074,5.357779502868652,0.3638739585876465
103,62.06,1,0.8518953919410706,1774.5072,736.3558,3.8927783966064453,26.306310653686523
103,62.06,2,0.6497227549552917,381.513,445.68558,5.5231614112854,0.36288610100746155
104,62.08,1,0.852764368057251,1771.8059,736.70886,3.869830846786499,26.300107955932617
104,62.08,2,0.7341443300247192,374.7481,445.74725,5.387938499450684,0.3716607987880707
105,62.1,1,0.8518000841140747,1771.532,736.6856,3.869037628173828,26.298978805541992
105,62.1,2,0.7291186451911926,373.87604,445.87952,5.35699987411499,0.4115656614303589
106,62.12,1,0.855871319770813,1768.0582,735.2695,3.8881139755249023,26.27505111694336
106,62.12,2,0.3298949599266052,375.7313,446.04025,5.3744707107543945,0.4644990563392639
107,62.14,1,0.8687217831611633,1766.9474,733.71094,3.9232325553894043,26.257789611816406
107,62.14,2,0.5899620652198792,379.25638,446.07156,5.437616348266602,0.4798485040664673
108,62.16,1,0.8687320947647095,1766.913,733.5809,3.926478147506714,26.256542205810547
108,62.16,2,0.590042233467102,379.95752,446.15,5.442249774932861,0.5053321719169617
109,62.18,1,0.8621392250061035,1765.7781,730.9981,3.9891138076782227,26.229997634887695
109,62.18,2,0.698793351650238,374.83417,444.9344,5.479456424713135,0.11548886448144913
110,62.2,1,0.8634387850761414,1765.5062,731.0041,3.987541675567627,26.22911262512207
110,62.2,2,0.7283464074134827,373.8309,445.4536,5.402804374694824,0.2782033085823059
111,62.22,1,0.864233672618866,1767.4473,727.3652,4.096090793609619,26.20333480834961
111,62.22,2,0.772053062915802,370.73352,441.98563,5.7379374504089355,-0.8584532737731934
112,62.24,1,0.870712399482727,1768.0175,726.73456,4.116393089294434,26.19962501525879
112,62.24,2,0.721743643283844,366.41537,433.63113,6.730341911315918,-3.9873554706573486
113,62.26,1,0.8713234066963196,1768.2341,726.88336,4.113448619842529,26.20172882080078
113,62.26,2,0.7251564264297485,365.46735,431.78052,6.978453636169434,-4.769004821777344
114,62.28,1,0.8694618344306946,1768.408,726.28906,4.1307196617126465,26.196950912475586
115,62.3,1,0.8686696290969849,1768.3215,726.3767,4.127847194671631,26.197444915771484
116,62.32,1,0.8604574799537659,1769.6954,723.675,4.210259914398193,26.17756462097168
117,62.34,1,0.8703439235687256,1768.5856,724.38983,4.184338569641113,26.180233001708984
118,62.36,1,0.8692322969436646,1768.4316,724.28876,4.186338901519775,26.178762435913086
119,62.38,1,0.87979656457901,1765.3572,728.0874,4.065393447875977,26.202566146850586
120,62.4,1,0.8799113035202026,1765.0698,728.45996,4.053764343261719,26.204919815063477
121,62.42,1,0.863555908203125,1761.9412,732.05,3.9412455558776855,26.226070404052734
122,62.44,1,0.8693764209747314,1760.7396,734.61237,3.867771625518799,26.244394302368164
123,62.46,1,0.8679713606834412,1760.4463,736.28735,3.8228747844696045,26.25788688659668
124,62.48,1,0.8703182935714722,1760.0953,736.0875,3.8262410163879395,26.254974365234375
125,62.5,1,0.8708626627922058,1759.9958,736.034,3.827115535736084,26.254173278808594
126,62.52,1,0.8476589918136597,1752.147,735.08185,3.8116745948791504,26.219209671020508
127,62.54,1,0.8523012399673462,1753.8838,736.1393,3.79329776763916,26.23432731628418
128,62.56,1,0.8523012399673462,1754.1184,736.16064,3.7939422130584717,26.235307693481445
129,62.58,1,0.8710069060325623,1752.3953,736.4879,3.776796340942383,26.232303619384766
129,62.58,3,0.6726140379905701,395.10275,444.44565,5.927863597869873,-0.012068805284798145
130,62.6,1,0.8697319626808167,1752.5725,736.1292,3.78688907623291,26.22978973388672
130,62.6,3,0.6903372406959534,395.3595,444.32016,5.947743892669678,-0.05241857096552849
131,62.62,1,0.8681954145431519,1748.7874,736.92584,3.7473208904266357,26.223888397216797
131,62.62,3,0.6417644619941711,395.50537,445.2881,5.837076663970947,0.2589505910873413
132,62.64,1,0.8755860328674316,1748.9424,737.6122,3.730663299560547,26.23036003112793
132,62.64,3,0.6515596508979797,396.26328,445.8583,5.785892963409424,0.4403816759586334
133,62.66,1,0.8749229311943054,1748.9609,737.6969,3.728609085083008,26.231155395507812
133,62.66,3,0.652877151966095,396.42474,445.8902,5.785337448120117,0.45065563917160034
134,62.68,1,0.8870890736579895,1746.9255,736.97736,3.7365834712982178,26.218042373657227
134,62.68,3,0.5429738759994507,396.43274,445.78806,5.797225475311279,0.4185634255409241
135,62.7,1,0.8834640979766846,1747.4658,737.31,3.7308671474456787,26.22275733947754
135,62.7,3,0.5801418423652649,396.48242,445.91223,5.783918380737305,0.45766422152519226
136,62.72,1,0.8857332468032837,1746.7108,736.391,3.75042724609375,26.21220588684082
136,62.72,3,0.5870245099067688,396.17303,445.04428,5.878421306610107,0.18220482766628265
137,62.74,1,0.8748780488967896,1749.1636,734.6448,3.807729721069336,26.205223083496094
137,62.74,3,0.5863109827041626,396.217,444.957,5.8894853591918945,0.15432801842689514
138,62.76,1,0.8739328384399414,1749.3828,734.5537,3.811202049255371,26.205167770385742
138,62.76,3,0.5754575133323669,396.1901,444.83258,5.903547763824463,0.11436142772436142
139,62.78,1,0.8698536157608032,1751.2761,734.5161,3.821850299835205,26.211284637451172
139,62.78,3,0.638416051864624,395.9361,444.7891,5.903700351715088,0.1000060886144638
140,62.8,1,0.8698510527610779,1751.3816,734.6315,3.819404125213623,26.212657928466797
140,62.8,3,0.6384629607200623,395.87915,444.67365,5.916163921356201,0.06274471431970596
141,62.82,1,0.8556817173957825,1752.242,735.3568,3.805067300796509,26.22193717956543
141,62.82,3,0.6059129238128662,396.22803,444.80423,5.907617092132568,0.10530419647693634
142,62.84,1,0.8530966639518738,1752.924,736.49084,3.7794055938720703,26.234121322631836
142,62.84,3,0.6114106774330139,396.9914,444.98944,5.900761127471924,0.16587978601455688
143,62.86,1,0.8564755320549011,1754.0485,736.8052,3.7770681381225586,26.240652084350586
143,62.86,3,0.6497491002082825,397.2049,445.0259,5.900643825531006,0.1778775006532669
144,62.88,1,0.8707160353660583,1745.897,734.96765,3.782742738723755,26.196956634521484
144,62.88,3,0.616287350654602,396.88547,444.93054,5.905604839324951,0.14684292674064636
145,62.9,1,0.871068000793457,1745.2861,734.8286,3.7832045555114746,26.193655014038086
145,62.9,3,0.6178401112556458,396.8371,444.9001,5.908236503601074,0.13699942827224731
146,62.92,1,0.7846807837486267,1751.4744,735.34717,3.801403284072876,26.2192440032959
146,62.92,3,0.6309893131256104,398.02243,445.24185,5.891275405883789,0.24808278679847717
147,62.94,1,0.8840189576148987,1738.1582,735.6089,3.7269654273986816,26.17637062072754
147,62.94,3,0.6296062469482422,398.85983,445.13678,5.91985559463501,0.2158322036266327
148,62.96,1,0.8827945590019226,1736.9987,735.56287,3.7222514152526855,26.17203712463379
148,62.96,3,0.6295770406723022,399.13412,445.11215,5.928086280822754,0.20837710797786713
149,62.98,1,0.8539168238639832,1745.7046,735.18066,3.7762887477874756,26.19818115234375
149,62.98,3,0.6373341679573059,396.54492,445.18692,5.868999004364014,0.2283196896314621
150,63.0,1,0.8585348129272461,1748.1855,735.31635,3.7854394912719727,26.207799911499023
150,63.0,3,0.6369529366493225,396.19928,445.00116,5.883973121643066,0.16844575107097626
151,63.02,1,0.8275124430656433,1749.7949,735.1248,3.798569440841675,26.21158790588379
151,63.02,3,0.7240871787071228,395.6394,445.23114,5.846287250518799,0.24103237688541412
152,63.04,1,0.5948392748832703,1771.0498,735.29376,3.902794361114502,26.285470962524414
152,63.04,3,0.7377486824989319,393.14456,445.0053,5.824139595031738,0.16520151495933533
153,63.06,1,0.5951792001724243,1777.2178,735.18994,3.937126636505127,26.3056640625
153,63.06,3,0.7372408509254456,392.7392,445.00674,5.816108703613281,0.16505412757396698
154,63.08,1,0.8762342929840088,1753.9624,734.28815,3.8415026664733887,26.21843910217285
154,63.08,3,0.7702735066413879,390.0032,445.35852,5.722691535949707,0.27288535237312317
155,63.1,1,0.856648325920105,1752.2644,734.0017,3.8402481079101562,26.210128784179688
155,63.1,3,0.77411949634552,389.43835,445.61118,5.683021068572998,0.3518524169921875
156,63.12,1,0.890343189239502,1759.5186,735.49493,3.8386142253875732,26.24789047241211
156,63.12,3,0.7579310536384583,387.80545,445.76843,5.633937358856201,0.3987436890602112
157,63.14,1,0.9021791815757751,1755.6099,735.4047,3.8210043907165527,26.233808517456055
157,63.14,3,0.600502610206604,384.65683,445.3514,5.620748996734619,0.26246318221092224
158,63.16,1,0.8952730298042297,1755.126,734.9178,3.8311257362365723,26.227916717529297
158,63.16,3,0.583497941493988,383.84595,445.1843,5.62409782409668,0.20827892422676086
159,63.18,1,0.8999935984611511,1757.1683,735.59204,3.8241145610809326,26.24073600769043
159,63.18,3,0.6765483021736145,381.60388,445.56024,5.538881778717041,0.3236558139324188
160,63.2,1,0.8999637365341187,1757.3907,735.647,3.8238301277160645,26.241968154907227
160,63.2,3,0.6765441298484802,381.19824,445.68973,5.516706466674805,0.3636974096298218
161,63.22,1,0.9122939705848694,1762.2861,735.7846,3.8452370166778564,26.25981330871582
161,63.22,3,0.6577849984169006,378.92255,444.4334,5.61452579498291,-0.03900901973247528
162,63.24,1,0.9099074602127075,1766.1162,734.3653,3.9017879962921143,26.260618209838867
163,63.26,1,0.9070120453834534,1766.3286,734.30334,3.904500722885132,26.26080894470215
164,63.28,1,0.9020854234695435,1754.3269,734.75476,3.8312644958496094,26.223770141601562
165,63.3,1,0.9014102816581726,1753.3506,734.84076,3.824049711227417,26.2211971282959
166,63.32,1,0.8912718892097473,1756.275,735.22235,3.8291118144989014,26.23448371887207
167,63.34,1,0.8936892747879028,1745.798,735.4248,3.7704997062683105,26.200645446777344
168,63.36,1,0.8937464952468872,1744.8733,735.48737,3.7641921043395996,26.19805908203125
169,63.38,1,0.8927755355834961,1732.8269,735.86993,3.6932990550994873,26.16065216064453
170,63.4,1,0.8921182751655579,1731.7207,736.05743,3.682952404022217,26.158580780029297
171,63.42,1,0.8960244059562683,1730.542,735.8878,3.6812756061553955,26.153091430664062
172,63.44,1,0.8470942378044128,1737.8198,735.8568,3.7189388275146484,26.177419662475586
173,63.46,1,0.8455114960670471,1738.7197,735.89185,3.722611665725708,26.180774688720703
174,63.48,1,0.8612716794013977,1735.3641,733.92395,3.7558398246765137,26.151878356933594
175,63.5,1,0.8568184971809387,1734.2512,734.08905,3.745925188064575,26.14957618713379
176,63.52,1,0.8550126552581787,1746.3022,732.1322,3.858375072479248,26.173133850097656
177,63.54,1,0.8273965716362,1738.458,732.23694,3.8152852058410645,26.147239685058594
177,63.54,3,0.7324987649917603,366.6911,434.28973,6.643369674682617,-3.717646598815918
178,63.56,1,0.8234850168228149,1736.613,733.0236,3.7854228019714355,26.14803695678711
178,63.56,3,0.7357916831970215,366.2682,436.32663,6.355637073516846,-2.9105265140533447
179,63.58,1,0.8088061213493347,1743.7983,733.8388,3.8011317253112793,26.179821014404297
179,63.58,3,0.7513885498046875,365.54135,443.67194,5.442180156707764,-0.3039298355579376
180,63.6,1,0.8092749714851379,1744.8108,733.9496,3.8034465312957764,26.184255599975586
180,63.6,3,0.7516351938247681,365.4519,444.95892,5.298007488250732,0.10958076268434525
181,63.62,1,0.851810872554779,1753.9587,733.88617,3.851936101913452,26.214895248413086
182,63.64,1,0.8315946459770203,1755.564,731.7548,3.9160821437835693,26.201536178588867
183,63.66,1,0.8124182224273682,1756.2874,730.44025,3.954693078994751,26.19228744506836
184,63.68,1,0.7838566303253174,1757.157,729.7738,3.977008819580078,26.189306259155273
185,63.7,1,0.7699382901191711,1757.6318,729.75543,3.9799740314483643,26.19078254699707
186,63.72,1,0.7158066034317017,1756.2893,730.02026,3.9659037590026855,26.18852424621582
187,63.74,1,0.836909294128418,1778.066,729.35016,4.097701072692871,26.258020401000977
188,63.76,1,0.8430389761924744,1780.1243,729.2141,4.112205505371094,26.26398277282715
189,63.78,1,0.8099029064178467,1787.6311,728.4573,4.172451972961426,26.283510208129883
190,63.8,1,0.7927192449569702,1785.063,728.5991,4.15501594543457,26.275787353515625
191,63.82,1,0.8427595496177673,1766.5645,729.0761,4.044898509979248,26.215633392333984
192,63.84,1,0.8373255729675293,1766.1069,728.4529,4.0593953132629395,26.208459854125977
193,63.86,1,0.8379616737365723,1765.8235,728.36194,4.060378074645996,26.20665740966797
194,63.88,1,0.7862693071365356,1768.2839,728.39185,4.072476387023926,26.215482711791992
195,63.9,1,0.8308591246604919,1767.428,728.1578,4.074353218078613,26.210405349731445
196,63.92,1,0.8115137815475464,1774.4387,729.61127,4.0716071128845215,26.24772071838379
197,63.94,1,0.8361226916313171,1771.7681,731.8982,3.9961655139923096,26.258569717407227
198,63.96,1,0.850852370262146,1769.7029,732.1019,3.9800329208374023,26.25323486328125
199,63.98,1,0.8735558986663818,1772.3264,734.04517,3.942110538482666,26.27911376953125
200,64.0,1,0.8735803961753845,1772.5345,734.21234,3.9387776851654053,26.281267166137695
201,64.02,1,0.8851108551025391,1776.7051,733.6067,3.9762587547302246,26.29036521911621
202,64.04,1,0.8843477368354797,1780.7446,732.9453,4.0147247314453125,26.29857635498047
203,64.06,1,0.8844947218894958,1781.7231,733.13324,4.014773845672607,26.303560256958008
204,64.08,1,0.8937212824821472,1782.5033,733.3046,4.0142388343811035,26.307714462280273
205,64.1,1,0.8939075469970703,1782.5231,733.3307,4.013646125793457,26.30800437927246
206,64.12,1,0.882814347743988,1783.0122,732.68506,4.033428192138672,26.304157257080078
206,64.12,3,0.5920504927635193,365.59894,436.47452,6.321643829345703,-2.8536441326141357
207,64.14,1,0.887886643409729,1785.7457,733.72546,4.019781112670898,26.322463989257812
207,64.14,3,0.6330384612083435,367.89066,442.77792,5.589524269104004,-0.5954821705818176
208,64.16,1,0.887912929058075,1785.904,733.845,4.017414569854736,26.324024200439453
208,64.16,3,0.6329941749572754,368.3981,444.17398,5.44096565246582,-0.13727396726608276
209,64.18,1,0.9094561338424683,1792.7876,732.29065,4.094808101654053,26.334556579589844
209,64.18,3,0.6656938791275024,371.56262,431.44394,7.170031547546387,-4.919647693634033
210,64.2,1,0.8981003761291504,1791.9312,732.6512,4.080625057220459,26.33466148376465
210,64.2,3,0.6716902852058411,372.37396,440.83762,5.90831995010376,-1.2514666318893433
211,64.22,1,0.9057518243789673,1793.6505,732.3045,4.098924160003662,26.337661743164062
212,64.24,1,0.8902910351753235,1795.6328,733.88324,4.06669807434082,26.357852935791016
213,64.26,1,0.8901413083076477,1795.7542,733.9531,4.065452575683594,26.358858108520508
214,64.28,1,0.9018136262893677,1794.8826,733.72345,4.0671000480651855,26.35392189025879
215,64.3,1,0.9083203077316284,1794.8698,734.6113,4.043276786804199,26.361331939697266
216,64.32,1,0.9195753335952759,1793.575,737.6546,3.9562087059020996,26.382158279418945
217,64.34,1,0.9123184084892273,1792.0902,738.4422,3.928091287612915,26.383573532104492
218,64.36,1,0.9173780083656311,1791.786,738.69574,3.9199533462524414,26.384618759155273
219,64.38,1,0.9142500162124634,1790.4358,738.3057,3.923224925994873,26.3768253326416
220,64.4,1,0.9142752289772034,1790.322,738.246,3.9242002964019775,26.375946044921875
221,64.42,1,0.9123321175575256,1790.0869,736.3458,3.9727184772491455,26.359411239624023
222,64.44,1,0.9133504629135132,1790.7863,737.18195,3.9543445110321045,26.368743896484375
223,64.46,1,0.9135348796844482,1790.8328,737.0042,3.959240436553955,26.367429733276367
224,64.48,1,0.9066472053527832,1791.563,735.9323,3.9911890029907227,26.36101722717285
225,64.5,1,0.906517744064331,1791.5609,735.94745,3.990778684616089,26.361135482788086
226,64.52,1,0.9111384153366089,1792.5546,734.22894,4.041528701782227,26.350156784057617
226,64.52,3,0.7044594883918762,382.9548,440.5615,6.157501220703125,-1.338423490524292
227,64.54,1,0.910040020942688,1792.9548,732.248,4.096831798553467,26.33477210998535
227,64.54,3,0.7148914933204651,387.1251,444.33832,5.784616470336914,-0.05815938860177994
228,64.56,1,0.9100413918495178,1793.0005,732.17865,4.098944664001465,26.334341049194336
228,64.56,3,0.7149314284324646,387.8103,444.98972,5.722655773162842,0.15226644277572632
229,64.58,1,0.8973869681358337,1793.073,733.6593,4.059450626373291,26.34714126586914
229,64.58,3,0.7635313868522644,389.03552,445.56018,5.681087017059326,0.33514896035194397
230,64.6,1,0.8965532183647156,1793.0747,734.0813,4.048161506652832,26.350704193115234
230,64.6,3,0.7845029830932617,389.58865,445.127,5.741241931915283,0.19870620965957642
231,64.62,1,0.8801947236061096,1796.584,733.9491,4.069855690002441,26.361684799194336
231,64.62,3,0.7684231996536255,390.3073,445.4533,5.71770715713501,0.30336302518844604
232,64.64,1,0.8572787642478943,1798.8732,735.5955,4.037693023681641,26.38328742980957
232,64.64,3,0.8197669386863708,392.8678,445.3718,5.776402950286865,0.28149017691612244
233,64.66,1,0.8570885062217712,1799.14,735.7791,4.03418493270874,26.385723114013672
233,64.66,3,0.8201445937156677,393.1781,445.32858,5.787374496459961,0.2682541310787201
234,64.68,1,0.8435739278793335,1798.9702,737.0929,3.9985415935516357,26.395965576171875
234,64.68,3,0.7673872709274292,396.19916,445.00208,5.88386344909668,0.16873866319656372
235,64.7,1,0.8410125374794006,1798.916,737.76544,3.980572462081909,26.401288986206055
235,64.7,3,0.7688525915145874,395.4652,445.37863,5.825803756713867,0.2876572906970978
236,64.72,1,0.8487337231636047,1798.6267,739.8884,3.92372989654541,26.417551040649414
236,64.72,3,0.703207790851593,397.29977,444.05734,6.0172247886657715,-0.1353772133588791
237,64.74,1,0.8681036233901978,1799.7917,741.6168,3.885044574737549,26.435367584228516
237,64.74,3,0.7158681750297546,403.62134,445.1815,6.007408618927002,0.2373749017715454
238,64.76,1,0.8679518699645996,1800.696,741.63544,3.8891232013702393,26.43857192993164
238,64.76,3,0.6826197504997253,404.6394,445.45404,5.995035171508789,0.3258472681045532
239,64.78,1,0.881596565246582,1800.7072,742.5424,3.8659517765045166,26.445817947387695
239,64.78,3,0.7288091778755188,403.6025,445.05734,6.021766662597656,0.19759775698184967
240,64.8,1,0.88131183385849,1800.6912,742.5264,3.8662798404693604,26.44563865661621
240,64.8,3,0.7279371023178101,403.43842,445.04865,6.019589900970459,0.19456061720848083
241,64.82,1,0.8794869184494019,1799.0063,742.50006,3.8584911823272705,26.43975067138672
241,64.82,3,0.7443040013313293,404.23932,442.9971,6.2850236892700195,-0.4775967299938202
242,64.84,1,0.8712061643600464,1795.34,742.27954,3.845703601837158,26.425642013549805
242,64.84,3,0.8053174018859863,405.02014,436.74408,7.140802383422852,-2.738098382949829
243,64.86,1,0.8678402304649353,1795.2078,742.1469,3.8484206199645996,26.424137115478516
243,64.86,3,0.8151590824127197,405.0208,437.13934,7.083930492401123,-2.5849556922912598
244,64.88,1,0.8606376647949219,1793.9397,740.5094,3.883979320526123,26.406686782836914
244,64.88,3,0.825807511806488,405.54877,436.9741,7.119265556335449,-2.648615837097168
245,64.9,1,0.8609873056411743,1793.804,740.4768,3.8841323852539062,26.405963897705078
245,64.9,3,0.8261097073554993,405.5489,436.71338,7.156926155090332,-2.7498927116394043
246,64.92,1,0.8609293699264526,1790.9692,740.9707,3.857150077819824,26.40037727355957
247,64.94,1,0.8770087361335754,1788.1039,739.40985,3.8827877044677734,26.377971649169922
247,64.94,3,0.3352922797203064,404.20468,432.7548,7.728139877319336,-4.370462417602539
248,64.96,1,0.8767496943473816,1787.9047,739.4293,3.8812766075134277,26.377456665039062
248,64.96,3,0.33559322357177734,404.2459,433.42874,7.6225128173828125,-4.083101749420166
249,64.98,1,0.8786755204200745,1787.386,738.2271,3.9097542762756348,26.36580467224121
250,65.0,1,0.8785802721977234,1787.0845,738.6793,3.8964970111846924,26.368511199951172
251,65.02,1,0.8763865232467651,1786.5027,736.04425,3.962284803390503,26.344635009765625
252,65.04,1,0.8622840642929077,1785.5837,735.72485,3.965977430343628,26.338809967041016
253,65.06,1,0.8628263473510742,1785.5417,735.7376,3.965426206588745,26.338773727416992
254,65.08,1,0.8787294626235962,1784.3267,740.42004,3.837754487991333,26.373462677001953
254,65.08,3,0.7190634608268738,439.59406,432.05185,8.696855545043945,-4.697803974151611
255,65.1,1,0.8800815343856812,1784.3005,741.0139,3.8224642276763916,26.378223419189453
255,65.1,3,0.7202429175376892,439.57425,434.29245,8.312066078186035,-3.727201223373413
256,65.12,1,0.8815752267837524,1783.7571,743.60724,3.75418758392334,26.39737892150879
256,65.12,3,0.6248620748519897,436.7075,432.3652,8.571202278137207,-4.556987285614014
257,65.14,1,0.8883621096611023,1783.7299,745.5528,3.7055413722991943,26.412822723388672
258,65.16,1,0.8896206021308899,1783.5906,745.743,3.7001399993896484,26.413867950439453
258,65.16,3,0.6040830612182617,433.177,444.03503,6.738698959350586,-0.09226572513580322
259,65.18,1,0.8674484491348267,1779.8115,745.31305,3.692082405090332,26.397865295410156
259,65.18,3,0.6880846619606018,433.50208,446.1696,6.474586486816406,0.5995591878890991
260,65.2,1,0.8674640655517578,1779.3958,745.1576,3.693873643875122,26.395238876342773
260,65.2,3,0.6854028105735779,433.61542,446.56912,6.427558422088623,0.7255386114120483
261,65.22,1,0.8779399991035461,1781.7239,747.1482,3.6563022136688232,26.418777465820312
261,65.22,3,0.6959598660469055,434.6557,446.35452,6.474475383758545,0.65988689661026
262,65.24,1,0.8826200366020203,1781.2395,749.35974,3.600050926208496,26.434499740600586
262,65.24,3,0.6586328744888306,438.69342,446.28296,6.563179016113281,0.6441890001296997
263,65.26,1,0.8824748992919922,1780.219,749.0355,3.6029164791107178,26.42860984802246
263,65.26,3,0.6756119728088379,435.701,446.40265,6.489140033721924,0.6768308281898499
264,65.28,1,0.8764346837997437,1777.215,747.896,3.6158838272094727,26.409751892089844
264,65.28,3,0.6502858400344849,436.70114,446.401,6.509083271026611,0.6780255436897278
265,65.3,1,0.8767893314361572,1776.9001,747.78766,3.6169774532318115,26.407855987548828
265,65.3,3,0.6505705714225769,436.83908,446.37244,6.515352725982666,0.6692619323730469
266,65.32,1,0.8819566369056702,1776.1038,748.236,3.6021745204925537,26.408761978149414
266,65.32,3,0.6276444792747498,435.01224,446.4366,6.471360683441162,0.6863386631011963
267,65.34,1,0.8983127474784851,1776.0278,747.92596,3.60933518409729,26.406064987182617
267,65.34,3,0.6616109609603882,435.24884,446.36234,6.485209941864014,0.6633606553077698
268,65.36,1,0.8985183835029602,1775.9958,747.909,3.609591007232666,26.405824661254883
268,65.36,3,0.6616014838218689,435.29468,446.2766,6.496735572814941,0.6364038586616516
269,65.38,1,0.8911311626434326,1778.3889,748.04504,3.618011474609375,26.414804458618164
269,65.38,3,0.6827795505523682,436.56464,446.5443,6.488642692565918,0.7228553295135498
270,65.4,1,0.8897075057029724,1778.1355,748.03864,3.6169252395629883,26.413917541503906
270,65.4,3,0.681372344493866,436.82056,446.42093,6.508968830108643,0.6845057010650635
271,65.42,1,0.8995955586433411,1779.7856,748.64923,3.610166072845459,26.42416000366211
271,65.42,3,0.6975461840629578,436.91028,446.6766,6.4791107177734375,0.7649312615394592
272,65.44,1,0.898987889289856,1782.4395,746.59827,3.6733388900756836,26.416810989379883
272,65.44,3,0.68044513463974,437.61765,446.3753,6.530380725860596,0.6714988350868225
273,65.46,1,0.8990373015403748,1782.5459,746.50287,3.676213026046753,26.416410446166992
273,65.46,3,0.6791561245918274,437.80194,446.24106,6.550752639770508,0.6294277906417847
274,65.48,1,0.8788610100746155,1785.3209,748.1494,3.6494662761688232,26.438541412353516
274,65.48,3,0.6873335242271423,440.1889,446.26273,6.595358371734619,0.6403392553329468
275,65.5,1,0.8702893853187561,1784.2323,747.8587,3.6512303352355957,26.432666778564453
275,65.5,3,0.6858917474746704,440.7374,446.00354,6.6388750076293945,0.5590330362319946
276,65.52,1,0.8367767930030823,1782.8174,748.6806,3.6242425441741943,26.434412002563477
276,65.52,3,0.6556714177131653,437.88153,445.69196,6.621288776397705,0.45486199855804443
277,65.54,1,0.8614526391029358,1788.3035,749.52905,3.63045334815979,26.45909881591797
277,65.54,3,0.6649786829948425,438.65002,445.26508,6.690919876098633,0.31877627968788147
278,65.56,1,0.8592162132263184,1785.3557,748.8786,3.6318519115448,26.4443359375
278,65.56,3,0.6757504940032959,440.15262,445.33188,6.712567329406738,0.34275075793266296
279,65.58,1,0.852556586265564,1788.8837,747.3119,3.687530279159546,26.44380760192871
279,65.58,3,0.665564239025116,439.94135,444.82187,6.773956298828125,0.17675930261611938
280,65.6,1,0.8526235222816467,1789.1777,747.2076,3.6915488243103027,26.443967819213867
280,65.6,3,0.6653868556022644,439.86456,444.63437,6.796718597412109,0.11526130884885788
281,65.62,1,0.8548012971878052,1782.9744,743.3294,3.757256031036377,26.39252281188965
281,65.62,3,0.7011348009109497,437.63733,445.2814,6.668502330780029,0.3224472403526306
282,65.64,1,0.8453059196472168,1783.0747,736.64984,3.9288666248321533,26.33799934387207
282,65.64,3,0.7441350817680359,435.56012,445.7864,6.563141822814941,0.4812495708465576
283,65.66,1,0.8065229654312134,1787.0417,735.82654,3.970778703689575,26.344654083251953
283,65.66,3,0.7442025542259216,435.43445,445.7589,6.564091682434082,0.4722650647163391
284,65.68,1,0.803054928779602,1787.4926,735.84357,3.972642660140991,26.34634017944336
284,65.68,3,0.7801382541656494,433.16803,446.0695,6.480388164520264,0.5673127770423889
285,65.7,1,0.8088741302490234,1787.3031,735.95337,3.9687793254852295,26.34661102294922
285,65.7,3,0.7791452407836914,432.8526,446.05243,6.476265907287598,0.5613793730735779
286,65.72,1,0.8108283281326294,1794.5847,737.2563,3.971806764602661,26.38232421875
286,65.72,3,0.71705162525177,430.52554,445.84274,6.456216812133789,0.4909364581108093
287,65.74,1,0.7402873039245605,1817.7142,738.40393,4.059842109680176,26.470687866210938
287,65.74,3,0.7229219079017639,427.2691,445.7069,6.408586502075195,0.4423640966415405
288,65.76,1,0.7399060726165771,1821.803,738.5232,4.077609539031982,26.485631942749023
288,65.76,3,0.7229881882667542,426.7708,445.69696,6.399960517883301,0.4383852481842041
289,65.78,1,0.8251953721046448,1804.5105,737.38495,4.019204616546631,26.41730308532715
289,65.78,3,0.7039985060691833,424.50018,445.58853,6.368430137634277,0.40013328194618225
290,65.8,1,0.8548877239227295,1802.7239,736.9366,4.021902084350586,26.407529830932617
290,65.8,3,0.7129046320915222,424.53436,445.71027,6.354154109954834,0.439004123210907
291,65.82,1,0.6577042937278748,1831.427,737.40234,4.157008647918701,26.50981330871582
291,65.82,3,0.7526591420173645,424.61578,445.2901,6.4075469970703125,0.3047124147415161
292,65.84,1,0.9034216403961182,1820.8503,739.232,4.0539631843566895,26.487979888916016
292,65.84,3,0.7417985200881958,423.7973,445.52658,6.362155914306641,0.3792177736759186
293,65.86,1,0.9033454656600952,1820.1846,739.2804,4.049285888671875,26.486087799072266
293,65.86,3,0.7423660159111023,423.72034,445.5669,6.355680465698242,0.3919748365879059
294,65.88,1,0.9174573421478271,1825.469,738.05084,4.108982086181641,26.49445915222168
294,65.88,3,0.7560091614723206,421.66962,444.25858,6.4775309562683105,-0.03496210649609566
295,65.9,1,0.9158684611320496,1825.8665,737.6967,4.120490074157715,26.493019104003906
295,65.9,3,0.7556936740875244,421.27554,443.9259,6.511624813079834,-0.14524000883102417
296,65.92,1,0.9236733913421631,1825.1295,737.757,4.115088939666748,26.490966796875
296,65.92,3,0.737734854221344,420.82306,444.0027,6.4927873611450195,-0.12048216164112091
297,65.94,1,0.917456328868866,1826.4486,737.6465,4.124827861785889,26.49462127685547
297,65.94,3,0.7622820138931274,417.08914,444.6575,6.336234092712402,0.08872725814580917
298,65.96,1,0.9178964495658875,1826.7478,737.67175,4.125689506530762,26.495849609375
298,65.96,3,0.7430076003074646,415.0941,444.46872,6.319843292236328,0.02431161142885685
299,65.98,1,0.9174126982688904,1824.9343,737.6467,4.117035865783691,26.489421844482422
299,65.98,3,0.719772458076477,413.46698,442.76257,6.5014848709106445,-0.5451847314834595
300,66.0,1,0.9172637462615967,1824.8153,737.65704,4.116147994995117,26.489093780517578
300,66.0,3,0.7198842763900757,413.22595,442.45667,6.53581428527832,-0.6495049595832825
301,66.02,1,0.9228587746620178,1826.2928,737.4362,4.129661560058594,26.492420196533203
302,66.04,1,0.9139053225517273,1826.3185,736.84686,4.145625114440918,26.487825393676758
302,66.04,3,0.636029839515686,407.62024,441.4997,6.544437408447266,-0.985648512840271
303,66.06,1,0.9151098728179932,1826.0002,736.1893,4.161712169647217,26.481483459472656
303,66.06,3,0.6763525009155273,406.85028,444.24072,6.183981895446777,-0.062010928988456726
304,66.08,1,0.9216568470001221,1827.8456,735.27094,4.19616174697876,26.48050308227539
304,66.08,3,0.5753464102745056,404.53302,433.2681,7.654443740844727,-4.1512556076049805
305,66.1,1,0.9202404022216797,1827.9194,735.2769,4.196382522583008,26.48080825805664
305,66.1,3,0.5582348108291626,404.3061,439.05124,6.801082611083984,-1.8650256395339966
306,66.12,1,0.9198473691940308,1828.24,735.9233,4.180494785308838,26.487089157104492
306,66.12,3,0.5805675387382507,403.40222,439.32858,6.744154453277588,-1.7639299631118774
307,66.14,1,0.9003170728683472,1827.3756,734.25806,4.22135066986084,26.470722198486328
307,66.14,3,0.5880308151245117,403.52814,442.03433,6.391779899597168,-0.8053435683250427
308,66.16,1,0.9003628492355347,1827.2515,734.20435,4.222174167633057,26.469858169555664
308,66.16,3,0.5880423188209534,403.60004,442.56268,6.3264641761779785,-0.6249980926513672
309,66.18,1,0.924731433391571,1814.2408,733.68054,4.168740272521973,26.42047691345215
309,66.18,3,0.6674785017967224,402.70114,444.9348,6.018686294555664,0.156908318400383
310,66.2,1,0.9238075017929077,1813.3083,733.8185,4.160140514373779,26.41838264465332
310,66.2,3,0.6680580973625183,402.5583,445.29935,5.97274923324585,0.2733704447746277
311,66.22,1,0.9010351896286011,1820.2314,733.89636,4.194036483764648,26.443008422851562
311,66.22,3,0.6593027114868164,398.97372,445.89072,5.8343353271484375,0.4549035131931305
312,66.24,1,0.9076750874519348,1829.8584,731.30347,4.316006660461426,26.45532989501953
312,66.24,3,0.6705519556999207,397.5846,445.47284,5.8558855056762695,0.32082074880599976
313,66.26,1,0.9075943827629089,1830.572,731.1218,4.3248419761657715,26.45633888244629
313,66.26,3,0.6634260416030884,397.42798,445.30414,5.872472286224365,0.2670043408870697
314,66.28,1,0.8885024785995483,1837.0813,725.67303,4.514858722686768,26.434049606323242
314,66.28,3,0.6325794458389282,394.3521,446.391,5.6886372566223145,0.6035980582237244
315,66.3,1,0.886718213558197,1838.5955,724.8155,4.548037052154541,26.432218551635742
315,66.3,3,0.7126571536064148,393.43027,446.90332,5.613629341125488,0.760125994682312
316,66.32,1,0.8151416182518005,1827.9404,720.0801,4.63004207611084,26.35304069519043
316,66.32,3,0.7117856740951538,392.18536,446.16348,5.673007011413574,0.5292969942092896
317,66.34,1,0.8031919002532959,1843.2468,713.93134,4.904044151306152,26.354122161865234
317,66.34,3,0.748661458492279,390.9122,445.77365,5.692822456359863,0.405285120010376
318,66.36,1,0.743465781211853,1842.3352,713.3333,4.917746067047119,26.345348358154297
318,66.36,3,0.7326512932777405,390.69333,445.49377,5.720510005950928,0.3167540729045868
319,66.38,1,0.8617779016494751,1846.052,709.9764,5.046298980712891,26.3284912109375
319,66.38,3,0.7434902191162109,389.30072,445.18658,5.728845119476318,0.2172309011220932
320,66.4,1,0.8617779016494751,1846.362,709.6197,5.059646129608154,26.326358795166016
320,66.4,3,0.7434902787208557,389.14368,445.127,5.732648849487305,0.19803673028945923
321,66.42,1,0.8816776871681213,1846.8464,709.3706,5.070528984069824,26.325870513916016
321,66.42,3,0.7030297517776489,387.19238,434.5052,7.069605827331543,-3.6324257850646973
322,66.44,1,0.9037079215049744,1847.2104,710.6362,5.031617164611816,26.338886260986328
323,66.46,1,0.9031383991241455,1847.2805,710.57196,5.034092903137207,26.338558197021484
324,66.48,1,0.9041233062744141,1847.6953,712.82336,4.964311599731445,26.360591888427734
325,66.5,1,0.9037511944770813,1847.7029,713.0934,4.9557719230651855,26.363056182861328
326,66.52,1,0.8817083239555359,1846.9113,717.9176,4.800559997558594,26.402971267700195
327,66.54,1,0.8977257609367371,1847.376,720.91785,4.711737632751465,26.430633544921875
327,66.54,3,0.7263057827949524,377.44662,441.70877,5.9048309326171875,-0.9455472230911255
328,66.56,1,0.896307110786438,1847.5261,720.4869,4.725587368011475,26.427480697631836
328,66.56,3,0.7551549077033997,376.9375,444.1738,5.605712890625,-0.12561650574207306
329,66.58,1,0.9005773663520813,1848.0594,724.82416,4.599034309387207,26.46614646911621
329,66.58,3,0.7546253204345703,375.58704,444.96585,5.490346908569336,0.1266002506017685
330,66.6,1,0.8999074697494507,1847.693,723.719,4.629695415496826,26.45556640625
330,66.6,3,0.7422780990600586,375.38654,444.94177,5.489200115203857,0.11864758282899857
331,66.62,1,0.909608006477356,1847.1267,723.0199,4.647375106811523,26.4476318359375
331,66.62,3,0.7630812525749207,374.68103,445.6608,5.396151065826416,0.34451285004615784
332,66.64,1,0.9038731455802917,1848.1677,723.63226,4.634852409362793,26.45654296875
332,66.64,3,0.7232251763343811,374.5243,445.63202,5.396341323852539,0.3352578282356262
333,66.66,1,0.9038731455802917,1848.1562,723.66046,4.63395357131958,26.45673942565918
333,66.66,3,0.7232251763343811,374.61453,445.54214,5.407931327819824,0.3072134256362915
334,66.68,1,0.9210264682769775,1848.6102,722.435,4.672934055328369,26.44802474975586
334,66.68,3,0.6855056285858154,373.77737,445.532,5.3931684494018555,0.3027503788471222
335,66.7,1,0.9075629711151123,1849.4117,722.5424,4.674107074737549,26.451826095581055
335,66.7,3,0.6991049647331238,373.90802,443.83075,5.586124897003174,-0.2411443442106247
336,66.72,1,0.9114808440208435,1851.2322,722.5489,4.68387508392334,26.458446502685547
336,66.72,3,0.4888449013233185,373.6744,445.1413,5.434311866760254,0.1794375330209732
337,66.74,1,0.8982056975364685,1856.2996,722.5115,4.7127509117126465,26.476425170898438
337,66.74,3,0.7073015570640564,372.13995,432.5017,7.024084568023682,-4.463284969329834
338,66.76,1,0.8977963924407959,1856.7546,722.44745,4.717170715332031,26.4775333404541
339,66.78,1,0.9005684852600098,1861.7302,722.9966,4.727921009063721,26.500093460083008
339,66.78,3,0.6838101148605347,371.09332,437.2258,6.3393683433532715,-2.5648996829986572
340,66.8,1,0.900544285774231,1862.0444,723.03296,4.728548049926758,26.501529693603516
340,66.8,3,0.6837118864059448,370.99048,438.50183,6.171360492706299,-2.088590621948242
341,66.82,1,0.884536862373352,1863.9996,721.99884,4.770508766174316,26.500001907348633
341,66.82,3,0.6767674088478088,370.3896,444.02026,5.496568202972412,-0.18427923321723938
342,66.84,1,0.8834733963012695,1864.4045,722.4503,4.759064674377441,26.505226135253906
342,66.84,3,0.6915686130523682,369.21667,444.3313,5.439117431640625,-0.08545573800802231
343,66.86,1,0.8810592293739319,1864.6099,722.24036,4.766546726226807,26.50422477722168
343,66.86,3,0.6880502700805664,369.07446,444.4179,5.42673397064209,-0.05781806260347366
344,66.88,1,0.8745487928390503,1866.7454,719.7254,4.855187892913818,26.490934371948242
344,66.88,3,0.6617422699928284,367.08286,444.32745,5.398624420166016,-0.08964857459068298
345,66.9,1,0.8740006685256958,1866.8993,719.50226,4.862927436828613,26.489614486694336
345,66.9,3,0.6615794897079468,366.72937,444.24335,5.4011945724487305,-0.11719811707735062
346,66.92,1,0.8725572228431702,1864.4888,720.0068,4.834005832672119,26.48507308959961
346,66.92,3,0.6501957178115845,366.67743,444.82626,5.335811138153076,0.06924989819526672
347,66.94,1,0.866003692150116,1870.5734,722.1815,4.801144123077393,26.525358200073242
347,66.94,3,0.6012601256370544,367.28937,445.02045,5.326160430908203,0.13175258040428162
348,66.96,1,0.866003692150116,1871.1877,722.3704,4.798781394958496,26.529144287109375
348,66.96,3,0.6012601256370544,367.4837,445.06058,5.325458526611328,0.1447402387857437
349,66.98,1,0.8751258254051208,1873.5061,720.9888,4.853801250457764,26.526155471801758
349,66.98,3,0.598253607749939,368.66956,443.69788,5.499719142913818,-0.2913837730884552
350,67.0,1,0.8684646487236023,1873.0759,721.35364,4.8402276039123535,26.527610778808594
350,67.0,3,0.6082689762115479,368.60352,444.28888,5.43208122253418,-0.09995593875646591
351,67.02,1,0.8897096514701843,1872.5314,720.2593,4.870853424072266,26.51653480529785
351,67.02,3,0.6412152647972107,367.4778,444.8205,5.35167932510376,0.06856994330883026
352,67.04,1,0.8939685821533203,1871.3418,719.99243,4.8724822998046875,26.509963989257812
352,67.04,3,0.6371055245399475,366.96887,444.71082,5.354052543640137,0.03291502594947815
353,67.06,1,0.8933918476104736,1871.294,719.8817,4.875635623931885,26.508861541748047
353,67.06,3,0.6303659677505493,367.17828,444.74927,5.3538103103637695,0.045467548072338104
354,67.08,1,0.8998350501060486,1869.4902,718.70605,4.9020256996154785,26.49237060546875
354,67.08,3,0.7041311264038086,363.91614,441.61438,5.646352767944336,-0.9920147657394409
355,67.1,1,0.9014374017715454,1869.4866,719.0662,4.8908209800720215,26.495397567749023
355,67.1,3,0.6999453902244568,363.42944,439.0268,5.948615074157715,-1.9018194675445557
356,67.12,1,0.8953883647918701,1868.4961,717.90137,4.921543598175049,26.481897354125977
357,67.14,1,0.9000951051712036,1866.6445,716.37177,4.9591288566589355,26.461984634399414
358,67.16,1,0.897596001625061,1866.6223,715.70276,4.980124473571777,26.456125259399414
359,67.18,1,0.8996469974517822,1866.4617,716.1882,4.96388578414917,26.459726333618164
359,67.18,3,0.6025633811950684,361.45142,434.2776,6.5294294357299805,-3.7218289375305176
360,67.2,1,0.8999783396720886,1866.4834,716.2792,4.96113920211792,26.46059226989746
360,67.2,3,0.5876578688621521,361.3368,435.75882,6.325456142425537,-3.132126808166504
361,67.22,1,0.8897279500961304,1867.1456,715.23615,4.99786901473999,26.454017639160156
361,67.22,3,0.5197667479515076,362.20355,436.85995,6.1986918449401855,-2.707031488418579
362,67.24,1,0.8803756237030029,1867.0754,714.6591,5.0158257484436035,26.448741912841797
362,67.24,3,0.7329367995262146,363.80383,441.4326,5.665459156036377,-1.0542784929275513
363,67.26,1,0.8920723795890808,1867.1406,714.07245,5.0349273681640625,26.443864822387695
363,67.26,3,0.7548781037330627,364.0492,443.95438,5.381885528564453,-0.21413972973823547
364,67.28,1,0.879448652267456,1867.9246,718.1759,4.909782409667969,26.482133865356445
364,67.28,3,0.680413007736206,364.10193,434.67657,6.532503128051758,-3.561049222946167
365,67.3,1,0.8790923953056335,1868.1101,718.69415,4.894694805145264,26.487211227416992
365,67.3,3,0.6763504147529602,364.0546,431.66428,6.963292598724365,-4.818394660949707
366,67.32,1,0.8915958404541016,1868.1003,717.3641,4.936132907867432,26.475860595703125
366,67.32,3,0.7737558484077454,364.36792,443.97223,5.386022090911865,-0.20793402194976807
367,67.34,1,0.8959668874740601,1867.458,717.6988,4.922060489654541,26.476356506347656
367,67.34,3,0.7517615556716919,365.05658,445.565,5.224864959716797,0.2997630834579468
368,67.36,1,0.8958775997161865,1867.454,717.8047,4.918729782104492,26.477245330810547
368,67.36,3,0.7517985701560974,365.12573,445.81854,5.198957443237305,0.3789271116256714
369,67.38,1,0.8880290985107422,1866.6335,720.0237,4.845382213592529,26.493038177490234
369,67.38,3,0.817151665687561,366.1631,445.88577,5.2112135887146,0.40143659710884094
370,67.4,1,0.8877927660942078,1866.5078,720.6923,4.824161052703857,26.498193740844727
370,67.4,3,0.8197136521339417,366.32684,445.91272,5.211397647857666,0.41006070375442505
371,67.42,1,0.8899063467979431,1866.209,723.28076,4.743900775909424,26.518625259399414
371,67.42,3,0.8230211734771729,366.4289,445.88916,5.215836048126221,0.40290385484695435
372,67.44,1,0.87448650598526,1865.5863,722.7886,4.755330562591553,26.51230812072754
372,67.44,3,0.8024786710739136,367.2992,445.76117,5.2459306716918945,0.3644380271434784
373,67.46,1,0.8740478754043579,1865.5701,722.77423,4.755674362182617,26.512130737304688
373,67.46,3,0.8028149604797363,367.38953,445.70966,5.253180980682373,0.3485172688961029
374,67.48,1,0.8767460584640503,1864.6311,725.12946,4.679969310760498,26.528106689453125
374,67.48,3,0.751120388507843,370.5021,446.38666,5.238829612731934,0.5632072687149048
375,67.5,1,0.8795976042747498,1864.7263,725.5821,4.667047500610352,26.53213882446289
375,67.5,3,0.7561189532279968,370.88998,446.53674,5.2300310134887695,0.6099569201469421
376,67.52,1,0.8727002739906311,1863.3916,727.8625,4.5927414894104,26.545812606811523
376,67.52,3,0.7798997759819031,376.85587,446.21872,5.376204013824463,0.5216419696807861
377,67.54,1,0.8612103462219238,1860.6914,727.0901,4.600787162780762,26.529949188232422
377,67.54,3,0.7601584196090698,378.70264,446.37048,5.394432067871094,0.5715538859367371
378,67.56,1,0.8608523011207581,1860.4684,726.1837,4.626199245452881,26.521785736083984
378,67.56,3,0.773281455039978,379.28986,446.44638,5.397205829620361,0.5959302186965942
379,67.58,1,0.8569431304931641,1859.1152,725.9992,4.624312400817871,26.51543617248535
379,67.58,3,0.6720215082168579,380.82275,447.09735,5.355324745178223,0.7978453040122986
380,67.6,1,0.8569428324699402,1859.0415,725.97986,4.624483108520508,26.5150146484375
380,67.6,3,0.6719282865524292,381.02856,447.25986,5.341655254364014,0.8475441932678223
381,67.62,1,0.8506532311439514,1857.7488,725.85614,4.62113094329834,26.509374618530273
381,67.62,3,0.653679609298706,380.48184,447.05774,5.3532304763793945,0.7852096557617188
382,67.64,1,0.8544214367866516,1856.929,724.88916,4.64524507522583,26.49848175048828
382,67.64,3,0.657724916934967,379.60406,446.9304,5.350571155548096,0.7449067234992981
383,67.66,1,0.8540511131286621,1856.27,725.2005,4.632458686828613,26.498687744140625
383,67.66,3,0.654070258140564,379.6479,446.917,5.352838039398193,0.740892231464386
384,67.68,1,0.8621429800987244,1857.2913,723.04865,4.7020583152771,26.4845027923584
384,67.68,3,0.6872186064720154,374.85406,447.0286,5.251425743103027,0.7667720317840576
385,67.7,1,0.8619240522384644,1857.3126,722.97504,4.704381942749023,26.483964920043945
385,67.7,3,0.6832025647163391,373.77722,446.95657,5.239064693450928,0.7430444359779358
386,67.72,1,0.8605284094810486,1857.0223,721.8932,4.735342025756836,26.473844528198242
386,67.72,3,0.7827908396720886,372.48352,446.56854,5.2563886642456055,0.6223267912864685
387,67.74,1,0.8707696199417114,1858.2378,721.47906,4.754551887512207,26.474760055541992
387,67.74,3,0.4083220362663269,374.689,447.13647,5.236870288848877,0.7992469072341919
388,67.76,1,0.8707696199417114,1858.3794,721.5885,4.752016544342041,26.476194381713867
388,67.76,3,0.4083220362663269,375.40033,447.25253,5.237743854522705,0.8356232643127441
389,67.78,1,0.8768696188926697,1860.4803,720.8319,4.786579608917236,26.47744369506836
389,67.78,3,0.6163903474807739,383.83246,447.41324,5.377408504486084,0.8988586664199829
390,67.8,1,0.8722302317619324,1860.4114,720.8499,4.78564977645874,26.477344512939453
390,67.8,3,0.5809767842292786,385.55402,447.46964,5.403428554534912,0.918925940990448
391,67.82,1,0.8837842345237732,1861.3052,721.20953,4.779635429382324,26.483619689941406
391,67.82,3,0.674184262752533,385.17548,447.44785,5.398722171783447,0.9116747975349426
392,67.84,1,0.8630356192588806,1858.4192,721.0397,4.768883228302002,26.471710205078125
392,67.84,3,0.6537337899208069,389.94656,447.07468,5.5288872718811035,0.8065932989120483
393,67.86,1,0.8631455898284912,1858.2782,720.9941,4.769491195678711,26.470813751220703
393,67.86,3,0.6541842818260193,390.91974,447.02133,5.553109645843506,0.7919690608978271
394,67.88,1,0.8460239171981812,1856.4775,722.63367,4.710054874420166,26.478092193603516
394,67.88,3,0.7038914561271667,393.42474,447.09198,5.592533588409424,0.8178765773773193
395,67.9,1,0.8458328247070312,1855.6107,724.06226,4.662618637084961,26.486894607543945
395,67.9,3,0.7473931908607483,394.74796,447.10367,5.616219520568848,0.8237367272377014
396,67.92,1,0.8191279768943787,1851.7815,730.50934,4.454355716705322,26.525911331176758
396,67.92,3,0.7939562201499939,396.98334,447.08514,5.660560607910156,0.8219435214996338
397,67.94,1,0.8349173069000244,1851.0874,732.8966,4.38320255279541,26.542490005493164
397,67.94,3,0.7617542147636414,390.1349,447.32812,5.504563331604004,0.8840845823287964
398,67.96,1,0.8337695598602295,1850.1993,731.56104,4.416127681732178,26.528759002685547
398,67.96,3,0.7734084725379944,388.71768,447.3778,5.472557067871094,0.8966785073280334
399,67.98,1,0.8717469573020935,1848.5989,734.51013,4.325148582458496,26.546518325805664
399,67.98,3,0.746977686882019,385.875,447.23755,5.434613227844238,0.8491613268852234
400,68.0,1,0.871746838092804,1848.4049,734.6802,4.319423198699951,26.547178268432617
400,68.0,3,0.7469736337661743,385.44574,447.23395,5.426969528198242,0.8473238348960876
401,68.02,1,0.8433763384819031,1852.6598,735.70074,4.313406467437744,26.5699462890625
401,68.02,3,0.8145754337310791,385.01367,447.15842,5.42709493637085,0.8236170411109924
402,68.03999999999999,1,0.8656048774719238,1851.2039,733.7501,4.359932899475098,26.549631118774414
402,68.03999999999999,3,0.7831555008888245,384.35126,446.45914,5.491235256195068,0.608184278011322
403,68.06,1,0.8720740079879761,1851.8015,734.23944,4.349428176879883,26.555561065673828
403,68.06,3,0.786763072013855,384.192,446.42792,5.491669654846191,0.598279595375061
404,68.08,1,0.8834691047668457,1848.7354,732.2803,4.388122081756592,26.529356002807617
404,68.08,3,0.7898997068405151,383.41937,446.77002,5.439537525177002,0.7022867202758789
405,68.1,1,0.8847763538360596,1848.5198,732.33325,4.385496616363525,26.529022216796875
405,68.1,3,0.7900314331054688,383.31705,446.84494,5.429431915283203,0.7250660061836243
406,68.12,1,0.8913645148277283,1844.6721,732.52673,4.359807014465332,26.517087936401367
406,68.12,3,0.7540400624275208,383.03214,446.47473,5.464613914489746,0.6108241677284241
407,68.14,1,0.904719889163971,1838.0131,731.5923,4.3509039878845215,26.486244201660156
407,68.14,3,0.7895936369895935,381.67297,447.33832,5.3452253341674805,0.8724274039268494
408,68.16,1,0.904714822769165,1837.4749,731.5307,4.349792003631592,26.48386001586914
408,68.16,3,0.7895944714546204,381.487,447.45358,5.329382419586182,0.9069483876228333
409,68.18,1,0.8907251358032227,1838.4899,737.2824,4.196676254272461,26.5332088470459
409,68.18,3,0.7815709710121155,380.94623,447.19107,5.347524642944336,0.826535701751709
410,68.2,1,0.892575740814209,1838.3298,738.573,4.161056041717529,26.542715072631836
410,68.2,3,0.7814614176750183,380.95163,447.21152,5.345423221588135,0.8327507376670837
411,68.22,1,0.8919257521629333,1841.1025,743.0144,4.057399749755859,26.58614730834961
411,68.22,3,0.7490502595901489,380.67914,446.8898,5.375082015991211,0.7343311905860901
412,68.24,1,0.8795023560523987,1842.0659,742.98914,4.0629377365112305,26.589229583740234
412,68.24,3,0.7300227284431458,380.36365,446.85944,5.372463226318359,0.7245194315910339
413,68.26,1,0.8794628977775574,1842.1335,743.0216,4.062428951263428,26.589702606201172
413,68.26,3,0.7286125421524048,380.0933,446.84164,5.369327068328857,0.7186247706413269
414,68.28,1,0.8737359642982483,1843.6199,742.8223,4.075185298919678,26.593257904052734
414,68.28,3,0.7405180335044861,379.50186,446.67004,5.376850128173828,0.6650729775428772
415,68.3,1,0.8745854496955872,1842.8069,742.922,4.068449974060059,26.59124183654785
415,68.3,3,0.7290191650390625,379.2481,446.69003,5.369920253753662,0.6707823872566223
416,68.32,1,0.8394959568977356,1842.9768,741.8171,4.098403453826904,26.583486557006836
416,68.32,3,0.7332349419593811,378.47607,446.55304,5.370301246643066,0.6274327635765076
417,68.34,1,0.7945894598960876,1847.6023,741.7321,4.124185562133789,26.59862518310547
417,68.34,3,0.6741336584091187,376.76163,446.1065,5.386671543121338,0.4867120087146759
418,68.36,1,0.8026957511901855,1850.0986,742.02637,4.129089832305908,26.609355926513672
418,68.36,3,0.6836708784103394,376.52686,446.13367,5.379279613494873,0.49476158618927
419,68.38,1,0.7534363269805908,1847.5383,742.3484,4.107550144195557,26.603038787841797
419,68.38,3,0.7191981077194214,379.27155,446.53854,5.3868207931518555,0.6242860555648804
420,68.4,1,0.7535769939422607,1847.356,742.495,4.102752685546875,26.603515625
420,68.4,3,0.7208526730537415,379.78638,446.5818,5.391788482666016,0.638437032699585
421,68.42,1,0.84014493227005,1846.9944,741.9685,4.114830017089844,26.598329544067383
421,68.42,3,0.6774900555610657,375.53424,446.80682,5.287822723388672,0.7003323435783386
422,68.44,1,0.6025753617286682,1847.6685,742.44824,4.105573654174805,26.604230880737305
422,68.44,3,0.6950885057449341,372.8728,446.67514,5.252249240875244,0.6556335687637329
423,68.46000000000001,1,0.6707813143730164,1849.4001,742.1934,4.121110916137695,26.608224868774414
423,68.46000000000001,3,0.6802161335945129,372.33203,446.7802,5.2309489250183105,0.6868586540222168
424,68.48,1,0.6090753078460693,1849.0032,741.6327,4.13395881652832,26.6026611328125
424,68.48,3,0.6633319854736328,371.55234,446.72324,5.222493648529053,0.6681565642356873
425,68.5,1,0.5850614309310913,1849.1965,741.6061,4.135650634765625,26.603120803833008
425,68.5,3,0.66502445936203,371.42188,446.7619,5.215948104858398,0.6797525882720947
426,68.52,1,0.8725503087043762,1822.1465,743.5799,3.9470856189727783,26.5262451171875
426,68.52,3,0.7207219004631042,370.76276,449.8825,4.882920265197754,1.600488305091858
427,68.53999999999999,1,0.8912182450294495,1812.7434,742.9266,3.916607141494751,26.489439010620117
427,68.53999999999999,3,0.7207314372062683,370.81506,450.4014,4.832520961761475,1.748107671737671
428,68.56,1,0.8912402391433716,1811.9479,742.9152,3.912897825241089,26.486663818359375
428,68.56,3,0.7208216786384583,370.79846,450.52362,4.820214748382568,1.7825909852981567
429,68.58,1,0.8681191205978394,1811.8723,744.2909,3.877331018447876,26.49710464477539
429,68.58,3,0.743461549282074,370.51294,447.1761,5.155250549316406,0.8041231036186218
430,68.6,1,0.8821136355400085,1813.7305,743.8836,3.8970327377319336,26.50020408630371
430,68.6,3,0.7329233288764954,370.4115,446.8646,5.186254978179932,0.7093871831893921
431,68.62,1,0.8988550901412964,1808.8505,743.59875,3.8798441886901855,26.481557846069336
431,68.62,3,0.7286758422851562,370.1613,446.23102,5.249131679534912,0.5146816372871399
432,68.64,1,0.897315263748169,1803.654,743.93915,3.845160484313965,26.46674156188965
432,68.64,3,0.7216026782989502,369.51917,445.4494,5.321569919586182,0.2703283727169037
433,68.66,1,0.8974196910858154,1803.1873,743.9739,3.841944932937622,26.465444564819336
433,68.66,3,0.7218874096870422,369.3648,445.42,5.3218536376953125,0.26086509227752686
434,68.68,1,0.9003363847732544,1800.5554,744.0526,3.826796293258667,26.457225799560547
434,68.68,3,0.7132912874221802,368.9333,445.5852,5.295733451843262,0.3120046555995941
435,68.7,1,0.8992455005645752,1798.8479,744.07446,3.8177151679992676,26.45166778564453
435,68.7,3,0.7090525031089783,368.88196,445.3099,5.324724197387695,0.22550979256629944
436,68.72,1,0.9109241962432861,1793.1743,745.93115,3.7429163455963135,26.447275161743164
436,68.72,3,0.6664153337478638,368.70813,443.596,5.511994361877441,-0.3245988190174103
437,68.74,1,0.9127119779586792,1789.1034,745.07794,3.7439932823181152,26.42697525024414
437,68.74,3,0.6967571973800659,367.81128,434.17612,6.6841630935668945,-3.76405668258667
438,68.76,1,0.9072590470314026,1790.2665,744.94525,3.7530839443206787,26.4298095703125
438,68.76,3,0.699142575263977,367.5606,433.3642,6.7942070960998535,-4.098324775695801
439,68.78,1,0.9223904609680176,1790.7966,744.9443,3.7557425498962402,26.43157386779785
439,68.78,3,0.717516303062439,367.10034,435.44336,6.492740154266357,-3.2555084228515625
440,68.8,1,0.9225439429283142,1790.9773,744.9683,3.7560391426086426,26.4323673248291
440,68.8,3,0.717555820941925,366.9657,435.89148,6.429009914398193,-3.0794827938079834
441,68.82,1,0.9027763605117798,1781.312,743.5717,3.742892265319824,26.38890838623047
441,68.82,3,0.6783999800682068,365.17084,437.75012,6.146053314208984,-2.3701894283294678
442,68.84,1,0.8846750259399414,1783.5068,741.84406,3.7973837852478027,26.38230323791504
442,68.84,3,0.6887667179107666,363.37604,438.25186,6.044617652893066,-2.184957265853882
443,68.86,1,0.8965272903442383,1780.1763,741.9539,3.7779080867767334,26.371999740600586
443,68.86,3,0.6804105639457703,362.67096,433.45566,6.671665668487549,-4.058835983276367
444,68.88,1,0.8972659707069397,1779.9689,741.2776,3.793987274169922,26.36578369140625
444,68.88,3,0.6756906509399414,362.32068,433.21405,6.698183059692383,-4.159043788909912
445,68.9,1,0.8978368043899536,1779.9968,741.22186,3.795541286468506,26.365421295166016
445,68.9,3,0.6874467134475708,361.70117,439.44296,5.8618903160095215,-1.7531450986862183
446,68.92,1,0.8967229127883911,1782.46,740.6733,3.8218820095062256,26.369234085083008
446,68.92,3,0.7191950082778931,360.71222,444.72534,5.233527660369873,0.02861752174794674
447,68.94,1,0.8834128379821777,1784.6411,738.30365,3.8938159942626953,26.35710906982422
447,68.94,3,0.7251743078231812,360.53528,445.6049,5.135704040527344,0.3053312599658966
448,68.96000000000001,1,0.8832345008850098,1784.8505,738.13684,3.8992037773132324,26.35643768310547
448,68.96000000000001,3,0.7252015471458435,360.51154,445.72357,5.122650146484375,0.3422639071941376
449,68.98,1,0.869318425655365,1794.1492,736.3889,3.9924044609069824,26.373666763305664
449,68.98,3,0.7168700098991394,360.4056,445.39758,5.15537166595459,0.24033349752426147
450,69.0,1,0.8687173128128052,1792.0981,736.04297,3.991013765335083,26.363771438598633
450,69.0,3,0.7177229523658752,360.4532,445.33694,5.162748336791992,0.22139479219913483
451,69.02,1,0.8856830596923828,1795.5841,736.2456,4.003549575805664,26.377391815185547
451,69.02,3,0.7045290470123291,358.911,445.43677,5.123141765594482,0.250357985496521
452,69.03999999999999,1,0.8247412443161011,1785.8629,734.06635,4.011308670043945,26.325763702392578
452,69.03999999999999,3,0.709985613822937,357.99072,445.22003,5.12894868850708,0.18103249371051788
453,69.06,1,0.8233898282051086,1784.6099,733.86426,4.01021671295166,26.31973648071289
453,69.06,3,0.7089377641677856,357.7893,445.2419,5.122832298278809,0.18760856986045837
454,69.08,1,0.8618186116218567,1790.332,732.8539,4.066864967346191,26.330860137939453
454,69.08,3,0.7482940554618835,357.45135,445.69626,5.068353176116943,0.32907941937446594
455,69.1,1,0.8714479804039001,1790.8186,732.37787,4.082211971282959,26.328489303588867
455,69.1,3,0.7660174369812012,357.65408,446.0294,5.037129878997803,0.4326080083847046
456,69.12,1,0.83296799659729,1800.1609,732.6361,4.123831272125244,26.363008499145508
456,69.12,3,0.751944363117218,357.56665,445.2069,5.122379302978516,0.176283061504364
457,69.14,1,0.8136063814163208,1798.5308,732.2648,4.1254143714904785,26.35422706604004
457,69.14,3,0.7025633454322815,356.40985,440.94913,5.575119972229004,-1.2277885675430298
458,69.16,1,0.8328036665916443,1797.595,731.91693,4.129983425140381,26.34803581237793
458,69.16,3,0.7006627917289734,356.70615,438.69934,5.850974082946777,-2.02496075630188
459,69.18,1,0.8768336772918701,1795.9419,730.8646,4.150024890899658,26.333328247070312
459,69.18,3,0.7102903127670288,355.58636,431.77924,6.7526702880859375,-4.763128757476807
460,69.2,1,0.8767443299293518,1795.8225,730.793,4.1513566970825195,26.332300186157227
461,69.22,1,0.7994072437286377,1800.883,728.54395,4.2400054931640625,26.330631256103516
461,69.22,3,0.7243550419807434,354.0426,439.13773,5.742976665496826,-1.8681097030639648
462,69.24,1,0.8051377534866333,1811.4253,728.4915,4.297272682189941,26.367168426513672
462,69.24,3,0.7246401906013489,352.18036,442.2096,5.34742546081543,-0.8033508658409119
463,69.26,1,0.8149831891059875,1808.0156,728.72095,4.272794246673584,26.357158660888672
463,69.26,3,0.7177989482879639,352.17422,442.52066,5.312456130981445,-0.6994875073432922
464,69.28,1,0.8079469203948975,1809.5312,728.054,4.299502849578857,26.35677146911621
464,69.28,3,0.6764071583747864,351.73666,440.5171,5.5325446128845215,-1.3818315267562866
465,69.3,1,0.8050209283828735,1809.4043,728.0611,4.298630714416504,26.356386184692383
465,69.3,3,0.6775771975517273,351.66974,439.22882,5.683762550354004,-1.8370208740234375
466,69.32,1,0.8222673535346985,1806.0104,730.3018,4.218308925628662,26.363609313964844
466,69.32,3,0.7046017646789551,351.12448,443.6653,5.166239261627197,-0.3247544467449188
467,69.34,1,0.8689405918121338,1802.3674,731.6785,4.161398887634277,26.36258316040039
467,69.34,3,0.6784883141517639,350.53235,444.61017,5.053555488586426,-0.022338751703500748
468,69.36,1,0.8687821626663208,1801.9601,731.74554,4.157440185546875,26.36173439025879
468,69.36,3,0.6784698963165283,350.5082,444.78464,5.034607887268066,0.0329272486269474
469,69.38,1,0.8183921575546265,1807.7942,734.053,4.125150203704834,26.4012451171875
469,69.38,3,0.6685197949409485,349.35938,445.40396,4.948130130767822,0.22583496570587158
470,69.4,1,0.8326957821846008,1814.3013,734.18915,4.155238151550293,26.42486572265625
470,69.4,3,0.6786407828330994,348.95453,445.50122,4.930490493774414,0.25554272532463074
471,69.42,1,0.8830196261405945,1805.1802,733.8867,4.116080284118652,26.390832901000977
471,69.42,3,0.6861494183540344,347.7502,445.43524,4.914951801300049,0.23319512605667114
472,69.44,1,0.882047712802887,1805.7705,734.80054,4.094529628753662,26.400440216064453
472,69.44,3,0.673477053642273,346.87485,436.4902,5.92270040512085,-2.8523988723754883
473,69.46000000000001,1,0.8821964263916016,1805.7915,734.804,4.094544410705566,26.400541305541992
473,69.46000000000001,3,0.6711961030960083,346.81055,435.26495,6.078880310058594,-3.326955795288086
474,69.48,1,0.8870804309844971,1805.6721,735.32654,4.079916477203369,26.404438018798828
475,69.5,1,0.8864949941635132,1805.674,735.11035,4.08571720123291,26.402664184570312
476,69.52,1,0.8896172642707825,1805.9688,735.2856,4.082544326782227,26.405122756958008
477,69.53999999999999,1,0.8945233225822449,1805.7454,735.7863,4.068002223968506,26.408470153808594
478,69.56,1,0.8972874879837036,1805.8639,736.0845,4.060659408569336,26.41132164001465
479,69.58,1,0.898470938205719,1806.439,735.67535,4.074541091918945,26.409944534301758
480,69.6,1,0.8984699845314026,1806.4663,735.63403,4.075786590576172,26.409698486328125
481,69.62,1,0.890812337398529,1807.598,735.2365,4.0922722816467285,26.410329818725586
482,69.64,1,0.8925420045852661,1807.748,734.39667,4.115634441375732,26.403926849365234
483,69.66,1,0.887410044670105,1807.388,734.4177,4.113201141357422,26.402856826782227
484,69.68,1,0.8958616256713867,1811.4722,735.8914,4.094712734222412,26.429025650024414
485,69.7,1,0.8951526284217834,1811.9395,736.07336,4.092250347137451,26.432113647460938
486,69.72,1,0.8946642279624939,1814.2146,735.1931,4.127643585205078,26.432781219482422
486,69.72,3,0.6654057502746582,340.02173,432.283,6.331021308898926,-4.5393500328063965
487,69.74,1,0.8883495926856995,1812.6641,734.262,4.144763946533203,26.419801712036133
487,69.74,3,0.7528624534606934,339.6495,442.7585,5.045163631439209,-0.6352014541625977
488,69.76,1,0.8883495926856995,1812.5172,734.1892,4.145974159240723,26.4186954498291
488,69.76,3,0.7528624534606934,339.59448,444.50528,4.859400749206543,-0.07077600061893463
489,69.78,1,0.8869355320930481,1812.5852,735.2536,4.117586612701416,26.427654266357422
489,69.78,3,0.7639291286468506,339.40594,444.59348,4.846742153167725,-0.04310308396816254
490,69.8,1,0.8910768628120422,1812.2627,735.1419,4.11892557144165,26.425630569458008
490,69.8,3,0.7632566690444946,339.2985,444.29727,4.875482559204102,-0.1372690349817276
491,69.82,1,0.8776310086250305,1811.7273,734.36017,4.1372480392456055,26.417369842529297
491,69.82,3,0.7731762528419495,339.15796,444.9162,4.808851718902588,0.058297742158174515
492,69.84,1,0.8667470812797546,1811.0865,736.50415,4.076345443725586,26.43268394470215
492,69.84,3,0.7607167959213257,338.8117,445.08212,4.785421848297119,0.1098339855670929
493,69.86,1,0.8660896420478821,1811.0879,736.70337,4.071040153503418,26.43430519104004
493,69.86,3,0.759406566619873,338.7422,445.407,4.751031875610352,0.211067333817482
494,69.88,1,0.8663217425346375,1808.6626,739.6558,3.9807276725769043,26.449787139892578
494,69.88,3,0.7596397995948792,338.89478,445.46167,4.748300075531006,0.22827117145061493
495,69.9,1,0.8686366081237793,1808.3345,739.2675,3.9892160892486572,26.4455623626709
495,69.9,3,0.747731626033783,338.70044,445.35184,4.755866527557373,0.1938466727733612
496,69.92,1,0.8905748724937439,1803.2568,739.54297,3.9561996459960938,26.43049430847168
496,69.92,3,0.7361508011817932,338.29272,445.0022,4.783975601196289,0.08405398577451706
497,69.94,1,0.8995971083641052,1798.8003,738.1525,3.969832420349121,26.404056549072266
497,69.94,3,0.783828854560852,338.3886,445.593,4.725679874420166,0.26822614669799805
498,69.96000000000001,1,0.8985006809234619,1798.5052,738.18384,3.967507839202881,26.403305053710938
498,69.96000000000001,3,0.7811638116836548,338.4088,445.71423,4.7138166427612305,0.30573734641075134
499,69.98,1,0.9033064842224121,1794.116,735.4679,4.016601085662842,26.365896224975586
499,69.98,3,0.7791076302528381,338.98755,445.48425,4.747720241546631,0.23541821539402008
