frame,player,time,pixel_x,pixel_y,court_x,court_y,confidence,detected
0,P1,60.0,1812.0634,715.3028,4.686505317687988,26.252168655395508,0.8617634773254395,True
0,P2,60.0,376.0795,425.579,8.25350570678711,-7.705661296844482,0.4885300397872925,True
1,P1,60.02,1814.0732,711.48785,4.8157525062561035,26.22377586364746,0.8578643798828125,True
1,P2,60.02,375.64636,425.99365,8.16804027557373,-7.49313497543335,0.5834580063819885,True
2,P1,60.04,1809.8167,711.913,4.778395175933838,26.21211051940918,0.8150252103805542,True
2,P2,60.04,379.74475,425.79532,8.308853149414062,-7.603036403656006,0.574138879776001,True
3,P1,60.06,1809.768,711.9025,4.778447151184082,26.211830139160156,0.8178324699401855,True
3,P2,60.06,377.53882,425.67865,8.273115158081055,-7.657848834991455,0.6245113015174866,True
4,P1,60.08,1806.5614,712.3375,4.7468438148498535,26.204164505004883,0.7022172808647156,True
4,P2,60.08,375.84253,442.98093,5.721993923187256,-0.5183327794075012,0.5908610820770264,True
5,P1,60.1,1806.6042,712.3482,4.746754169464111,26.204423904418945,0.7014728784561157,True
5,P2,60.1,376.17508,442.9843,5.7281365394592285,-0.5167983770370483,0.5855617523193359,True
6,P1,60.12,1800.3915,710.1045,4.781503200531006,26.159942626953125,0.807425320148468,True
6,P2,60.12,370.88348,442.8952,5.634617328643799,-0.5528741478919983,0.6795520186424255,True
7,P1,60.14,1799.2262,712.2593,4.70796537399292,26.176464080810547,0.8698632717132568,True
7,P2,60.14,369.45578,443.64694,5.5207085609436035,-0.3069815933704376,0.7429711222648621,True
8,P1,60.16,1799.1998,712.25934,4.707815170288086,26.176368713378906,0.8699873089790344,True
8,P2,60.16,369.44867,443.64282,5.521037578582764,-0.30833667516708374,0.7393181324005127,True
9,P1,60.18,1796.5118,714.66565,4.619215965270996,26.18948745727539,0.8548007607460022,True
9,P2,60.18,367.33804,443.8817,5.45329475402832,-0.23331409692764282,0.8088976144790649,True
10,P1,60.2,1796.5078,714.6667,4.619162082672119,26.189483642578125,0.8547543883323669,True
10,P2,60.2,367.33868,443.88162,5.453317165374756,-0.2333429753780365,0.8089094758033752,True
11,P1,60.22,1772.571,715.02576,4.475574016571045,26.106029510498047,0.8849939703941345,True
11,P2,60.22,369.73895,443.3817,5.5563740730285645,-0.3935137689113617,0.7974650263786316,True
12,P1,60.24,1762.4352,714.4292,4.437234878540039,26.06353759765625,0.9048227667808533,True
12,P2,60.24,367.3957,443.0995,5.542974472045898,-0.48944610357284546,0.8120798468589783,True
13,P1,60.26,1762.1733,714.458,4.434934616088867,26.062875747680664,0.9056629538536072,True
13,P2,60.26,367.3373,443.12283,5.53917121887207,-0.4818068742752075,0.813479483127594,True
14,P1,60.28,1757.1823,712.8916,4.453790187835693,26.02924919128418,0.9104121923446655,True
14,P2,60.28,365.3421,443.2285,5.488348960876465,-0.44945263862609863,0.803681492805481,True
15,P1,60.3,1757.0684,712.9367,4.4518141746521,26.029287338256836,0.910956621170044,True
15,P2,60.3,365.15002,443.22617,5.48488187789917,-0.4504558742046356,0.8108993172645569,True
16,P1,60.32,1743.1176,717.6662,4.237201690673828,26.026081085205078,0.9122936725616455,True
16,P2,60.32,362.24023,442.9553,5.459027290344238,-0.5434215068817139,0.7699556350708008,True
17,P1,60.34,1741.9075,725.1834,4.020971775054932,26.094146728515625,0.9008037447929382,True
17,P2,60.34,361.93948,426.30814,7.766195774078369,-7.306478500366211,0.6882762312889099,True
18,P1,60.36,1741.9076,725.18066,4.021047115325928,26.0941219329834,0.9005764722824097,True
18,P2,60.36,361.848,426.7279,7.692698955535889,-7.098074436187744,0.6892640590667725,True
19,P1,60.38,1732.7523,726.73206,3.9309985637664795,26.076873779296875,0.9100058674812317,True
19,P2,60.38,361.12595,424.0925,8.13492202758789,-8.444317817687988,0.7930934429168701,True
20,P1,60.4,1732.7552,726.73645,3.930896043777466,26.07692527770996,0.9099878072738647,True
20,P2,60.4,361.12595,424.0925,8.13492202758789,-8.444317817687988,0.7930934429168701,True
21,P1,60.42,1734.1719,727.2095,3.9256482124328613,26.08626937866211,0.891033411026001,True
21,P2,60.42,358.27197,424.20547,8.04044246673584,-8.37694263458252,0.79960697889328,True
22,P1,60.44,1727.9209,726.8941,3.9013845920562744,26.061668395996094,0.9180881381034851,True
22,P2,60.44,357.72452,424.4802,7.9772868156433105,-8.231110572814941,0.8181698322296143,True
23,P1,60.46,1727.8735,727.01086,3.898023843765259,26.062606811523438,0.9161877632141113,True
23,P2,60.46,357.6604,424.48242,7.975239276885986,-8.229780197143555,0.8212616443634033,True
24,P1,60.48,1717.972,723.99304,3.9269516468048096,25.99937629699707,0.907331109046936,True
24,P2,60.48,357.2815,424.44867,7.971469402313232,-8.246487617492676,0.813880443572998,True
25,P1,60.5,1717.9104,724.06604,3.924659013748169,25.99987030029297,0.907023012638092,True
25,P2,60.5,356.84955,424.43494,7.962777614593506,-8.252574920654297,0.8051285147666931,True
26,P1,60.52,1716.6382,724.08966,3.917318105697632,25.99567413330078,0.9166678190231323,True
26,P2,60.52,355.63837,424.71048,7.8830461502075195,-8.10576057434082,0.8092453479766846,True
27,P1,60.54,1712.7478,724.4661,3.8867344856262207,25.985815048217773,0.9195085763931274,True
27,P2,60.54,353.0614,424.0877,7.926687240600586,-8.425284385681152,0.7781462073326111,True
28,P1,60.56,1712.7477,724.46594,3.8867387771606445,25.98581314086914,0.919502854347229,True
28,P2,60.56,353.062,424.08585,7.927033424377441,-8.426268577575684,0.7783807516098022,True
29,P1,60.58,1711.8076,723.8636,3.897949457168579,25.976673126220703,0.9162473082542419,True
29,P2,60.58,352.0711,424.59058,7.812765598297119,-8.15921401977539,0.8063573241233826,True
30,P1,60.6,1711.8094,723.8698,3.897791862487793,25.97673988342285,0.9163150787353516,True
30,P2,60.6,352.0711,424.59058,7.812765598297119,-8.15921401977539,0.8063573241233826,True
31,P1,60.62,1710.8545,724.6067,3.873026132583618,25.980613708496094,0.9066820740699768,True
31,P2,60.62,348.95294,429.25348,6.975302696228027,-5.878093719482422,0.6855939626693726,True
32,P1,60.64,1717.6173,724.48065,3.911956787109375,26.00286865234375,0.8818488121032715,True
32,P2,60.64,350.08472,423.975,7.869832992553711,-8.476847648620605,0.8072614669799805,True
33,P1,60.66,1717.6501,724.4403,3.9132139682769775,26.002592086791992,0.8817606568336487,True
33,P2,60.66,349.93216,423.99652,7.8621015548706055,-8.465068817138672,0.8015741109848022,True
34,P1,60.68,1710.6061,723.7339,3.895103931427002,25.971227645874023,0.884017825126648,True
34,P2,60.68,349.71497,423.9927,7.857177257537842,-8.466500282287598,0.7788506150245667,True
35,P1,60.7,1710.5883,723.67444,3.8966073989868164,25.970582962036133,0.8839770555496216,True
35,P2,60.7,349.5105,424.1504,7.824174880981445,-8.382853507995605,0.7983614206314087,True
36,P1,60.72,1713.5051,725.1078,3.8735556602478027,25.994670867919922,0.8865806460380554,True
36,P2,60.72,348.34436,427.13052,7.29371976852417,-6.876646995544434,0.732693076133728,True
37,P1,60.74,1707.3915,724.24384,3.8645293712615967,25.965057373046875,0.8785282969474792,True
37,P2,60.74,348.3626,424.25998,7.775555610656738,-8.322335243225098,0.8010094165802002,True
38,P1,60.76,1707.4391,724.238,3.864936113357544,25.965166091918945,0.8784812092781067,True
38,P2,60.76,348.3626,424.25998,7.775555610656738,-8.322335243225098,0.8010094165802002,True
39,P1,60.78,1708.3799,723.65063,3.8856115341186523,25.962671279907227,0.8926883935928345,True
39,P2,60.78,347.88065,443.88916,5.080381870269775,-0.25659942626953125,0.8135483860969543,True
40,P1,60.8,1708.3693,723.6467,3.885660409927368,25.962596893310547,0.892571210861206,True
40,P2,60.8,347.88525,443.9001,5.07929801940918,-0.2530725598335266,0.8133318424224854,True
41,P1,60.82,1706.6755,722.49994,3.907585859298706,25.94538688659668,0.8728495836257935,True
41,P2,60.82,347.10657,443.65894,5.0904059410095215,-0.3319820165634155,0.8256586790084839,True
42,P1,60.84,1705.6343,724.3992,3.8511557579040527,25.960485458374023,0.885108232498169,True
42,P2,60.84,346.91095,444.05386,5.044408321380615,-0.20490004122257233,0.8197242021560669,True
43,P1,60.86,1705.5432,724.2918,3.8535401821136475,25.959117889404297,0.8854145407676697,True
43,P2,60.86,346.47018,442.46814,5.207906246185303,-0.7234563231468201,0.765585720539093,True
44,P1,60.88,1706.6866,724.5035,3.8538992404937744,25.96515464782715,0.8937984108924866,True
44,P2,60.88,346.45486,442.52567,5.201271057128906,-0.7043634057044983,0.7720475792884827,True
45,P1,60.9,1706.8099,724.3339,3.8590688705444336,25.96392250061035,0.8940023183822632,True
45,P2,60.9,346.12134,433.60477,6.284832954406738,-3.9927120208740234,0.7541744112968445,True
46,P1,60.92,1712.0651,724.99274,3.8690719604492188,25.988563537597656,0.8939105868339539,True
46,P2,60.92,345.8944,426.1992,7.385175704956055,-7.328344345092773,0.7552942633628845,True
47,P1,60.94,1709.186,723.79083,3.8860957622528076,25.966848373413086,0.8914546370506287,True
47,P2,60.94,344.9684,441.6901,5.265166282653809,-0.9859064817428589,0.6945621371269226,True
48,P1,60.96,1709.1877,723.7932,3.8860409259796143,25.96687889099121,0.8915397524833679,True
48,P2,60.96,344.9701,441.68365,5.265919208526611,-0.9880817532539368,0.6938184499740601,True
49,P1,60.98,1710.4735,726.1654,3.829586982727051,25.99440574645996,0.9014295935630798,True
49,P2,60.98,345.21442,441.77438,5.26054048538208,-0.9571818113327026,0.6933891177177429,True
50,P1,61.0,1710.4731,726.1646,3.829606294631958,25.994396209716797,0.9014284014701843,True
50,P2,61.0,345.21436,441.77234,5.260767459869385,-0.9578718543052673,0.693244218826294,True
51,P1,61.02,1711.9479,727.31744,3.8068833351135254,26.010557174682617,0.8995633125305176,True
51,P2,61.02,345.49844,442.75803,5.1573567390441895,-0.628539502620697,0.8020977973937988,True
52,P1,61.04,1712.3756,729.4422,3.7535831928253174,26.03221321105957,0.8947538137435913,True
52,P2,61.04,345.24097,442.8501,5.142360210418701,-0.5984762907028198,0.7922564744949341,True
53,P1,61.06,1712.4218,729.3494,3.756230592727661,26.031496047973633,0.8941125869750977,True
53,P2,61.06,345.84848,442.95715,5.142347812652588,-0.5625227093696594,0.8365277051925659,True
54,P1,61.08,1713.2786,730.51337,3.7305073738098145,26.045372009277344,0.8968682885169983,True
54,P2,61.08,345.92648,443.08063,5.130410194396973,-0.5218919515609741,0.8190123438835144,True
55,P1,61.1,1713.2937,730.6189,3.727862596511841,26.046411514282227,0.8967857956886292,True
55,P2,61.1,345.94775,443.26736,5.110569477081299,-0.460768461227417,0.805543065071106,True
56,P1,61.12,1715.2517,727.8423,3.8102598190307617,26.026933670043945,0.9063933491706848,True
56,P2,61.12,345.03162,440.6775,5.380942344665527,-1.3321136236190796,0.7104243636131287,True
57,P1,61.14,1716.9932,728.41284,3.804324150085449,26.038330078125,0.9090020060539246,True
57,P2,61.14,344.50208,437.6688,5.726468563079834,-2.409902572631836,0.6534284949302673,True
58,P1,61.16,1717.0034,728.44763,3.8034653663635254,26.038694381713867,0.9091251492500305,True
58,P2,61.16,344.69553,437.2096,5.787045478820801,-2.5809996128082275,0.6468987464904785,True
59,P1,61.18,1718.2534,731.79315,3.723081588745117,26.07424545288086,0.9128372073173523,True
59,P2,61.18,344.84897,423.395,7.837086200714111,-8.770938873291016,0.6429351568222046,True
60,P1,61.2,1718.2083,731.66187,3.7262253761291504,26.072877883911133,0.9131447672843933,True
60,P2,61.2,344.82108,423.40582,7.834444999694824,-8.765057563781738,0.6384145617485046,True
61,P1,61.22,1719.2194,731.4877,3.7358946800231934,26.0747127532959,0.9124237895011902,True
61,P2,61.22,343.9167,435.42474,5.996373653411865,-3.264470100402832,0.5657832026481628,True
62,P1,61.24,1732.3048,732.1081,3.787022590637207,26.125051498413086,0.8972360491752625,True
62,P2,61.24,344.5946,441.80228,5.245364665985107,-0.9484204053878784,0.598662257194519,True
63,P1,61.26,1732.3231,732.0575,3.7884278297424316,26.124652862548828,0.8977543711662292,True
63,P2,61.26,344.67358,440.9638,5.341240406036377,-1.233733057975769,0.5764629244804382,True
64,P1,61.28,1729.0708,736.32336,3.662839651107788,26.152002334594727,0.9134731292724609,True
64,P2,61.28,347.13873,431.25708,6.636000156402588,-4.982946872711182,0.5274050831794739,True
65,P1,61.3,1729.0503,736.3206,3.6628050804138184,26.15190887451172,0.913781464099884,True
65,P2,61.3,347.2801,444.013,5.055751323699951,-0.21753515303134918,0.7141358256340027,True
66,P1,61.32,1729.5479,737.69904,3.6307177543640137,26.165796279907227,0.9099457859992981,True
66,P2,61.32,348.19305,443.59442,5.11803674697876,-0.35150450468063354,0.6662693023681641,True
67,P1,61.34,1735.9478,737.7905,3.6606268882751465,26.18811798095703,0.8972391486167908,True
67,P2,61.34,350.43524,443.66525,5.153101444244385,-0.3256610035896301,0.8012349009513855,True
68,P1,61.36,1735.9507,737.7896,3.6606645584106445,26.188119888305664,0.8972784876823425,True
68,P2,61.36,350.4352,443.66522,5.153104305267334,-0.32567092776298523,0.801228940486908,True
69,P1,61.38,1746.2637,736.12067,3.755058526992798,26.208328247070312,0.9192321300506592,True
69,P2,61.38,352.63635,443.74765,5.186135292053223,-0.29611632227897644,0.8582786917686462,True
70,P1,61.4,1746.13,735.7608,3.763580799102783,26.204723358154297,0.9232327342033386,True
70,P2,61.4,352.53424,443.75284,5.18362283706665,-0.294568806886673,0.8686866164207458,True
71,P1,61.42,1752.3972,735.90753,3.7916886806488037,26.227266311645508,0.910184919834137,True
71,P2,61.42,352.2315,443.98486,5.152703285217285,-0.22002547979354858,0.8590283989906311,True
72,P1,61.44,1758.3752,733.06586,3.8960673809051514,26.222782135009766,0.8987740874290466,True
72,P2,61.44,351.59732,425.113,7.710266590118408,-7.888311386108398,0.42612218856811523,True
73,P1,61.46,1758.3795,733.1573,3.893690347671509,26.223600387573242,0.8985174894332886,True
73,P2,61.46,351.59732,425.113,7.710266590118408,-7.888311386108398,0.42612218856811523,True
74,P1,61.48,1766.618,733.4656,3.927995443344116,26.254528045654297,0.8700680732727051,True
74,P2,61.48,350.8204,424.61172,7.7771382331848145,-8.145094871520996,0.6808868646621704,True
75,P1,61.5,1765.5963,734.23224,3.902604103088379,26.257688522338867,0.8704219460487366,True
75,P2,61.5,350.81323,425.11386,7.690277099609375,-7.886037349700928,0.7332574129104614,True
76,P1,61.52,1768.3281,739.7359,3.774564266204834,26.313819885253906,0.8714439868927002,True
76,P2,61.52,350.3808,425.28802,7.649590492248535,-7.7960405349731445,0.3771628737449646,True
77,P1,61.54,1771.3224,739.0261,3.8077454566955566,26.317991256713867,0.8592187166213989,True
77,P2,61.54,350.89804,425.2183,7.674760103225708,-7.833130240440369,,False
78,P1,61.56,1770.6625,738.82526,3.809544324874878,26.314077377319336,0.8599775433540344,True
78,P2,61.56,351.41528,425.14856,7.699929714202881,-7.870219945907593,,False
79,P1,61.58,1772.6041,739.873,3.7926206588745117,26.329383850097656,0.8634485602378845,True
79,P2,61.58,351.93256,425.07883,7.725099325180054,-7.907309651374817,,False
80,P1,61.6,1772.6042,739.87305,3.7926197052001953,26.329383850097656,0.863448977470398,True
80,P2,61.6,352.4498,425.0091,7.750268936157227,-7.944399356842041,,False
81,P1,61.62,1776.4515,742.7324,3.7396843433380127,26.3658390045166,0.8620431423187256,True
81,P2,61.62,352.96704,424.9394,7.775438547134399,-7.981489062309265,,False
82,P1,61.64,1778.9775,743.1843,3.7409589290618896,26.377967834472656,0.8621480464935303,True
82,P2,61.64,353.4843,424.86966,7.800608158111572,-8.01857876777649,,False
83,P1,61.66,1779.147,743.3875,3.736715078353882,26.380178451538086,0.8612416982650757,True
83,P2,61.66,354.00156,424.79993,7.825777769088745,-8.055668473243713,,False
84,P1,61.68,1779.0884,742.8728,3.749325752258301,26.37581443786621,0.848534107208252,True
84,P2,61.68,354.5188,424.7302,7.850947380065918,-8.092758178710938,0.23843638598918915,True
85,P1,61.7,1779.2358,743.1925,3.742042303085327,26.37889862060547,0.8484601974487305,True
85,P2,61.7,354.52667,424.7141,7.853962421417236,-8.10112476348877,0.25093787908554077,True
86,P1,61.72,1780.1647,742.58026,3.762056350708008,26.377050399780273,0.8467718362808228,True
86,P2,61.72,355.91818,425.32193,7.783727169036865,-7.791414737701416,0.5162146687507629,True
87,P1,61.74,1779.9862,742.9323,3.7523138523101807,26.37930679321289,0.8395155668258667,True
87,P2,61.74,357.55127,425.51257,7.792174816131592,-7.697927951812744,0.6091803312301636,True
88,P1,61.76,1779.9862,742.93195,3.7523231506347656,26.379302978515625,0.8395154476165771,True
88,P2,61.76,357.55127,425.51263,7.792164325714111,-7.697896957397461,0.6091251373291016,True
89,P1,61.78,1778.8923,741.7746,3.7760050296783447,26.366222381591797,0.8340886235237122,True
89,P2,61.78,359.29388,425.02414,7.921500205993652,-7.952226161956787,0.7357801795005798,True
90,P1,61.8,1778.0925,742.6306,3.7504348754882812,26.370512008666992,0.8383008241653442,True
90,P2,61.8,359.2971,424.9975,7.926262855529785,-7.965989589691162,0.6646143794059753,True
91,P1,61.82,1777.0239,740.5761,3.7969939708709717,26.35010528564453,0.8345257639884949,True
91,P2,61.82,361.49658,434.42844,6.50956392288208,-3.660792350769043,0.3055795431137085,True
92,P1,61.84,1777.4949,737.0713,3.889415979385376,26.322526931762695,0.8452045917510986,True
92,P2,61.84,363.2804,431.16544,7.020099639892578,-5.035406589508057,0.3749845623970032,True
93,P1,61.86,1777.6218,737.118,3.888850688934326,26.32335090637207,0.8455788493156433,True
93,P2,61.86,363.27222,432.43796,6.831478595733643,-4.485906600952148,0.36918625235557556,True
94,P1,61.88,1778.7107,736.9733,3.8981587886810303,26.325841903686523,0.8322558403015137,True
94,P2,61.88,365.44412,425.34335,8.022534370422363,-7.802340984344482,0.5968526005744934,True
95,P1,61.9,1778.5562,736.3433,3.913783073425293,26.320009231567383,0.8360358476638794,True
95,P2,61.9,366.1493,426.7608,7.794367790222168,-7.089993000030518,0.6917746067047119,True
96,P1,61.92,1779.426,738.4338,3.863976240158081,26.340486526489258,0.8415412902832031,True
96,P2,61.92,367.2981,429.40332,7.387373924255371,-5.8315205574035645,0.7908835411071777,True
97,P1,61.94,1779.3916,736.758,3.9072365760803223,26.326351165771484,0.8427028656005859,True
97,P2,61.94,370.73923,444.328,5.468728542327881,-0.08440376818180084,0.8075550198554993,True
98,P1,61.96,1778.8025,735.6989,3.9318976402282715,26.31540298461914,0.8420941233634949,True
98,P2,61.96,370.68976,444.3403,5.466400623321533,-0.08051396161317825,0.8176305294036865,True
99,P1,61.98,1777.8174,735.0103,3.9449243545532227,26.30618667602539,0.8387050628662109,True
99,P2,61.98,371.02942,444.33658,5.4733452796936035,-0.08124027401208878,0.7733946442604065,True
100,P1,62.0,1777.8193,735.00885,3.9449729919433594,26.306180953979492,0.8386799097061157,True
100,P2,62.0,370.85922,444.28323,5.476053237915039,-0.0986568033695221,0.7556024193763733,True
101,P1,62.02,1776.3013,735.6624,3.920044422149658,26.306549072265625,0.8501994609832764,True
101,P2,62.02,370.98694,434.52112,6.705889701843262,-3.62432599067688,0.6866992115974426,True
102,P1,62.04,1774.565,736.3314,3.893707036972046,26.30630111694336,0.8483318090438843,True
102,P2,62.04,375.857,444.4087,5.558160781860352,-0.05128312110900879,0.6055099964141846,True
103,P1,62.06,1774.499,736.3737,3.8922696113586426,26.30643653869629,0.8518953919410706,True
103,P2,62.06,375.51666,444.28918,5.565127849578857,-0.09028192609548569,0.5021532773971558,True
104,P1,62.08,1771.5627,736.6658,3.86970853805542,26.29891586303711,0.852764368057251,True
104,P2,62.08,374.5699,444.5624,5.516048431396484,-0.0037072263658046722,0.8083527088165283,True
105,P1,62.1,1771.5432,736.7046,3.868602991104126,26.299177169799805,0.8518000841140747,True
105,P2,62.1,374.51324,444.71185,5.498189449310303,0.04406043514609337,0.8064441084861755,True
106,P1,62.12,1767.7661,735.0707,3.8918049335479736,26.2723445892334,0.855871319770813,True
106,P2,62.12,378.0605,444.57462,5.581851482391357,0.005177696235477924,0.570421576499939,True
107,P1,62.14,1766.9583,733.6179,3.9257359504699707,26.25701904296875,0.8687217831611633,True
107,P2,62.14,378.53656,444.22516,5.630816459655762,-0.10678431391716003,0.8506385684013367,True
108,P1,62.16,1766.9751,733.61816,3.925816297531128,26.257078170776367,0.8687320947647095,True
108,P2,62.16,378.53613,444.2262,5.63068962097168,-0.10644916445016861,0.8505446314811707,True
109,P1,62.18,1765.7721,730.8618,3.9927265644073486,26.228771209716797,0.8621392250061035,True
109,P2,62.18,376.67767,444.5659,5.556202411651611,0.00040603469824418426,0.8082537651062012,True
110,P1,62.2,1765.5388,731.0678,3.986008882522583,26.229787826538086,0.8634387850761414,True
110,P2,62.2,376.80267,444.9069,5.520224094390869,0.10961747914552689,0.8218221068382263,True
111,P1,62.22,1767.7869,727.1518,4.103724479675293,26.202592849731445,0.864233672618866,True
111,P2,62.22,370.73242,443.41992,5.5713372230529785,-0.37969425320625305,0.7147768139839172,True
112,P1,62.24,1768.1537,726.8963,4.112668514251709,26.20156478881836,0.870712399482727,True
112,P2,62.24,385.2213,432.95135,7.256464004516602,-4.278193473815918,0.38977447152137756,True
113,P1,62.26,1768.2594,726.957,4.111560821533203,26.202482223510742,0.8713234066963196,True
113,P2,62.26,384.14905,443.5756,5.815546035766602,-0.3111487030982971,0.41512009501457214,True
114,P1,62.28,1768.4268,726.4323,4.126871585845947,26.19831657409668,0.8694618344306946,True
114,P2,62.28,371.75543,426.79398,7.92909574508667,-7.084221363067627,0.5538764595985413,True
115,P1,62.3,1768.3114,726.42194,4.126547813415527,26.197818756103516,0.8686696290969849,True
115,P2,62.3,371.7206,425.95303,8.075045585632324,-7.505333423614502,0.5383968949317932,True
116,P1,62.32,1769.8612,723.5387,4.21497106552124,26.17689323425293,0.8604574799537659,True
116,P2,62.32,389.30142,425.792,8.556962966918945,-7.6259260177612305,0.7628685832023621,True
117,P1,62.34,1768.4916,724.57196,4.1787590980529785,26.18157386779785,0.8703439235687256,True
117,P2,62.34,389.80066,427.6488,8.29347791671753,-6.867426251620055,,False
118,P1,62.36,1768.4095,724.30304,4.185822486877441,26.178815841674805,0.8692322969436646,True
118,P2,62.36,390.29993,429.50565,8.029992866516114,-6.108926485478878,,False
119,P1,62.38,1765.0901,728.4572,4.053945064544678,26.20496368408203,0.87979656457901,True
119,P2,62.38,390.79916,431.36246,7.766507816314697,-5.350426719337702,,False
120,P1,62.4,1765.0732,728.47375,4.053407669067383,26.205055236816406,0.8799113035202026,True
120,P2,62.4,391.2984,433.21927,7.503022766113281,-4.591926953196525,,False
121,P1,62.42,1761.6877,732.31744,3.9328603744506836,26.227556228637695,0.863555908203125,True
121,P2,62.42,391.79767,435.0761,7.239537715911865,-3.8334271870553493,,False
122,P1,62.44,1760.6938,734.6715,3.865997076034546,26.244752883911133,0.8693764209747314,True
122,P2,62.44,392.2969,436.93292,6.97605266571045,-3.0749274209141735,,False
123,P1,62.46,1760.4807,736.3989,3.8201749324798584,26.25896453857422,0.8679713606834412,True
123,P2,62.46,392.79614,438.78973,6.712567615509034,-2.3164276547729967,,False
124,P1,62.48,1760.1094,735.9055,3.8310110569000244,26.253450393676758,0.8703182935714722,True
124,P2,62.48,393.29538,440.64655,6.449082565307617,-1.5579278886318209,,False
125,P1,62.5,1760.0452,735.9782,3.8288068771362305,26.253860473632812,0.8708626627922058,True
125,P2,62.5,393.79465,442.5034,6.185597515106201,-0.799428122490645,,False
126,P1,62.52,1751.2549,734.82263,3.813815116882324,26.213903427124023,0.8476589918136597,True
126,P2,62.52,394.29388,444.3602,5.922112464904785,-0.04092835634946823,0.39183592796325684,True
127,P1,62.54,1754.269,736.14246,3.795175313949585,26.235660552978516,0.8523012399673462,True
127,P2,62.54,394.81293,444.54367,5.910630226135254,0.019236396998167038,0.45835068821907043,True
128,P1,62.56,1754.269,736.14246,3.795175313949585,26.235660552978516,0.8523012399673462,True
128,P2,62.56,394.81293,444.54367,5.910630226135254,0.019236396998167038,0.45835068821907043,True
129,P1,62.58,1752.3164,736.44727,3.7774364948272705,26.2316837310791,0.8710069060325623,True
129,P2,62.58,392.9345,444.26233,5.9070305824279785,-0.07463517785072327,0.6197661757469177,True
130,P1,62.6,1752.698,736.0824,3.7887284755706787,26.229808807373047,0.8697319626808167,True
130,P2,62.6,395.0031,444.2417,5.950051784515381,-0.07843592017889023,0.5760295391082764,True
131,P1,62.62,1748.458,736.9589,3.7448108196258545,26.22306251525879,0.8681954145431519,True
131,P2,62.62,392.46942,444.31454,5.891765594482422,-0.05832929536700249,0.5052933692932129,True
132,P1,62.64,1749.0618,737.6654,3.72991681098938,26.231224060058594,0.8755860328674316,True
132,P2,62.64,393.703,444.2285,5.926098346710205,-0.08456233143806458,0.7834289073944092,True
133,P1,62.66,1749.0736,737.68933,3.7293701171875,26.231470108032227,0.8749229311943054,True
133,P2,62.66,393.69354,444.21246,5.92780876159668,-0.08978979289531708,0.7811713814735413,True
134,P1,62.68,1746.7954,736.91766,3.7374424934387207,26.217082977294922,0.8870890736579895,True
134,P2,62.68,394.33957,444.45535,5.911777973175049,-0.010017704218626022,0.4316100478172302,True
135,P1,62.7,1747.6271,737.3354,3.7310378551483154,26.223522186279297,0.8834640979766846,True
135,P2,62.7,393.98843,444.55096,5.893657207489014,0.020404230803251266,0.16982832551002502,True
136,P1,62.72,1746.6932,736.3548,3.7512614727020264,26.211830139160156,0.8857332468032837,True
136,P2,62.72,396.1126,444.79922,5.905953407287598,0.1035245954990387,0.1583128720521927,True
137,P1,62.74,1749.4658,734.54535,3.811842441558838,26.20537567138672,0.8748780488967896,True
137,P2,62.74,395.77917,444.5739,5.925962448120117,0.030406877398490906,0.40696877241134644,True
138,P1,62.76,1749.4744,734.5522,3.811709403991699,26.20546531677246,0.8739328384399414,True
138,P2,62.76,395.83258,444.55847,5.928829193115234,0.025493258610367775,0.4316578805446625,True
139,P1,62.78,1751.4371,734.6364,3.8195600509643555,26.212890625,0.8698536157608032,True
139,P2,62.78,395.68094,444.47372,5.9358696937561035,-0.0021457718685269356,0.6143976449966431,True
140,P1,62.8,1751.4369,734.63605,3.819568395614624,26.2128849029541,0.8698510527610779,True
140,P2,62.8,395.68024,444.4733,5.935906410217285,-0.0022851447574794292,0.615090012550354,True
141,P1,62.82,1752.3069,735.50543,3.801569938659668,26.22345542907715,0.8556817173957825,True
141,P2,62.82,395.65775,444.2826,5.958054065704346,-0.06420907378196716,0.60333251953125,True
142,P1,62.84,1752.9796,736.6401,3.7758684158325195,26.2356014251709,0.8530966639518738,True
142,P2,62.84,395.84534,444.36365,5.952130476633708,-0.03764497799177964,,False
143,P1,62.86,1754.205,736.8003,3.777987003326416,26.241140365600586,0.8564755320549011,True
143,P2,62.86,396.03296,444.44473,5.946206887563069,-0.011080882201592125,,False
144,P1,62.88,1745.0497,734.76624,3.7836036682128906,26.19230079650879,0.8707160353660583,True
144,P2,62.88,396.22055,444.5258,5.940283298492432,0.01548321358859539,0.44745340943336487,True
145,P1,62.9,1745.336,734.8004,3.784184455871582,26.19357681274414,0.871068000793457,True
145,P2,62.9,396.02524,444.496,5.939979553222656,0.005562305450439453,0.34212052822113037,True
146,P1,62.92,1752.5083,735.43,3.804539203643799,26.223482131958008,0.7846807837486267,True
146,P2,62.92,394.0379,444.4589,5.905458450317383,-0.009303253144025803,0.5794919729232788,True
147,P1,62.94,1737.0359,735.57355,3.722168445587158,26.172258377075195,0.8840189576148987,True
147,P2,62.94,394.54327,444.57263,5.901950359344482,0.028205102309584618,0.5577594041824341,True
148,P1,62.96,1737.0798,735.54675,3.723073720932007,26.172168731689453,0.8827945590019226,True
148,P2,62.96,394.54395,444.57272,5.901952743530273,0.028235644102096558,0.5577013492584229,True
149,P1,62.98,1747.0137,735.1075,3.7848384380340576,26.201982498168945,0.8539168238639832,True
149,P2,62.98,390.9339,444.85544,5.798633098602295,0.11393601447343826,0.6246454119682312,True
150,P1,63.0,1748.5675,735.3291,3.7870571613311768,26.209209442138672,0.8585348129272461,True
150,P2,63.0,390.83075,444.7967,5.803445816040039,0.09494064748287201,0.6364741325378418,True
151,P1,63.02,1750.1327,735.089,3.801215171813965,26.212421417236328,0.8275124430656433,True
151,P2,63.02,387.03613,444.61868,5.750392436981201,0.03221260756254196,0.7907346487045288,True
152,P1,63.04,1778.325,735.1773,3.94313907623291,26.309345245361328,0.5948392748832703,True
152,P2,63.04,386.10495,444.43744,5.753265380859375,-0.027547845616936684,0.7884028553962708,True
153,P1,63.06,1778.3047,735.17267,3.9431569576263428,26.309236526489258,0.5951792001724243,True
153,P2,63.06,386.104,444.436,5.75341272354126,-0.028012434020638466,0.7884789109230042,True
154,P1,63.08,1752.0469,734.18427,3.8343937397003174,26.21099281311035,0.8762342929840088,True
154,P2,63.08,387.67313,444.5063,5.775777339935303,-0.0030892565846443176,0.7124884128570557,True
155,P1,63.1,1752.1915,733.99,3.840179443359375,26.209775924682617,0.856648325920105,True
155,P2,63.1,386.8081,444.4231,5.768600940704346,-0.031183874234557152,0.759132444858551,True
156,P1,63.12,1760.3269,735.5772,3.840609550476074,26.251354217529297,0.890343189239502,True
156,P2,63.12,384.89398,444.2739,5.7486491203308105,-0.0821569412946701,0.8403066992759705,True
157,P1,63.14,1755.3579,735.36896,3.8206429481506348,26.23263931274414,0.9021791815757751,True
157,P2,63.14,379.87115,443.42966,5.748697280883789,-0.36476200819015503,0.7757447957992554,True
158,P1,63.16,1755.148,734.8883,3.8320014476776123,26.227733612060547,0.8952730298042297,True
158,P2,63.16,380.48364,443.38562,5.765856742858887,-0.3784940838813782,0.7674236297607422,True
159,P1,63.18,1757.4478,735.6581,3.82383394241333,26.242259979248047,0.8999935984611511,True
159,P2,63.18,380.6736,443.71976,5.730628490447998,-0.26841190457344055,0.8114205598831177,True
160,P1,63.2,1757.4446,735.6581,3.823817729949951,26.24224853515625,0.8999637365341187,True
160,P2,63.2,380.67273,443.7186,5.730745792388916,-0.26879286766052246,0.8113365173339844,True
161,P1,63.22,1762.7278,735.8094,3.846848487854004,26.26152992248535,0.9122939705848694,True
161,P2,63.22,376.24493,426.49173,8.095076560974121,-7.243406295776367,0.6885489225387573,True
162,P1,63.24,1766.4485,734.26086,3.906229257583618,26.26085090637207,0.9099074602127075,True
162,P2,63.24,374.76288,425.04062,8.31716537475586,-7.980899333953857,0.7320602536201477,True
163,P1,63.26,1766.2903,734.31305,3.9040496349334717,26.260761260986328,0.9070120453834534,True
163,P2,63.26,374.7116,425.0125,8.320966720581055,-7.9954142570495605,0.7246577739715576,True
164,P1,63.28,1753.3132,734.8376,3.8239409923553467,26.22104263305664,0.9020854234695435,True
164,P2,63.28,373.82343,424.97083,8.305498123168945,-8.014978408813477,0.7668572664260864,True
165,P1,63.3,1753.3103,734.8525,3.823540687561035,26.221162796020508,0.9014102816581726,True
165,P2,63.3,373.8286,424.99316,8.301557540893555,-8.003347396850586,0.7668113708496094,True
166,P1,63.32,1756.6439,735.31714,3.8285434246063232,26.23656463623047,0.8912718892097473,True
166,P2,63.32,376.28723,425.59366,8.25621509552002,-7.698612689971924,0.7036270499229431,True
167,P1,63.34,1744.8995,735.4823,3.7644553184509277,26.198102951049805,0.8936892747879028,True
167,P2,63.34,371.9999,443.11743,5.630800247192383,-0.47781357169151306,0.6816376447677612,True
168,P1,63.36,1744.8999,735.47925,3.764535427093506,26.198078155517578,0.8937464952468872,True
168,P2,63.36,371.9999,443.11743,5.630800247192383,-0.47781357169151306,0.6816376447677612,True
169,P1,63.38,1731.9523,735.9635,3.6865007877349854,26.15852928161621,0.8927755355834961,True
169,P2,63.38,374.8493,443.86755,5.600187301635742,-0.22789771854877472,0.7433404922485352,True
170,P1,63.4,1731.8383,736.05,3.6837356090545654,26.158912658691406,0.8921182751655579,True
170,P2,63.4,375.03455,443.72446,5.620161533355713,-0.2743353545665741,0.6918028593063354,True
171,P1,63.42,1730.6184,735.8996,3.6813645362854004,26.153453826904297,0.8960244059562683,True
171,P2,63.42,372.67514,443.72733,5.573997974395752,-0.27651068568229675,0.816037118434906,True
172,P1,63.44,1738.7898,735.8526,3.723965644836426,26.1806640625,0.8470942378044128,True
172,P2,63.44,370.804,443.75003,5.535135746002197,-0.2715696096420288,0.8054579496383667,True
173,P1,63.46,1738.8794,735.86285,3.7241592407226562,26.181058883666992,0.8455114960670471,True
173,P2,63.46,370.94232,443.77072,5.535467624664307,-0.26464179158210754,0.8056334257125854,True
174,P1,63.48,1735.0631,733.72363,3.7594501972198486,26.14905548095703,0.8612716794013977,True
174,P2,63.48,369.30463,443.89798,5.489408493041992,-0.22541038691997528,0.7932665348052979,True
175,P1,63.5,1734.2317,734.1026,3.745478391647339,26.14963150024414,0.8568184971809387,True
175,P2,63.5,369.42935,443.93384,5.487775802612305,-0.21360065042972565,0.8022686243057251,True
176,P1,63.52,1747.7728,731.91156,3.871734857559204,26.17619514465332,0.8550126552581787,True
176,P2,63.52,368.61392,443.94266,5.4710516929626465,-0.21183107793331146,0.8037827610969543,True
177,P1,63.54,1737.5011,732.278,3.809300661087036,26.14434051513672,0.8273965716362,True
177,P2,63.54,366.3842,443.85458,5.437950134277344,-0.24339154362678528,0.8531756401062012,True
178,P1,63.56,1736.4353,733.1477,3.781306743621826,26.148548126220703,0.8234850168228149,True
178,P2,63.56,365.9141,443.97784,5.415114879608154,-0.20404469966888428,0.8458320498466492,True
179,P1,63.58,1744.9971,733.96436,3.8040173053741455,26.185020446777344,0.8088061213493347,True
179,P2,63.58,364.7555,444.24002,5.363741397857666,-0.12097761780023575,0.8511888980865479,True
180,P1,63.6,1744.908,733.9548,3.803809404373169,26.18463134765625,0.8092749714851379,True
180,P2,63.6,364.75638,444.22168,5.365788459777832,-0.12688025832176208,0.8511686325073242,True
181,P1,63.62,1754.9154,733.892,3.8566887378692627,26.218212127685547,0.851810872554779,True
181,P2,63.62,365.11996,425.76297,7.940539836883545,-7.5874409675598145,0.7869123816490173,True
182,P1,63.64,1755.5947,731.43317,3.924743413925171,26.198776245117188,0.8315946459770203,True
182,P2,63.64,363.48584,424.8707,8.05618953704834,-8.041826248168945,0.7917572855949402,True
183,P1,63.66,1756.1741,730.2617,3.958861827850342,26.19029426574707,0.8124182224273682,True
183,P2,63.66,363.52444,424.3932,8.142889976501465,-8.291728973388672,0.7756776809692383,True
184,P1,63.68,1757.0929,729.73126,3.977813720703125,26.188701629638672,0.7838566303253174,True
184,P2,63.68,362.38953,424.82913,8.035374641418457,-8.06074333190918,0.8322513103485107,True
185,P1,63.7,1757.4861,729.791,3.978262424468994,26.19059944152832,0.7699382901191711,True
185,P2,63.7,362.1655,424.74783,8.044087409973145,-8.102502822875977,0.7890600562095642,True
186,P1,63.72,1755.8046,730.1349,3.9603233337402344,26.187881469726562,0.7158066034317017,True
186,P2,63.72,361.12244,429.36484,7.246121406555176,-5.84177827835083,0.7254222631454468,True
187,P1,63.74,1780.2642,729.27264,4.111341953277588,26.264984130859375,0.836909294128418,True
187,P2,63.74,360.31934,440.93436,5.654736518859863,-1.2292128801345825,0.6981757283210754,True
188,P1,63.76,1779.8829,729.2258,4.11061954498291,26.26324462890625,0.8430389761924744,True
188,P2,63.76,360.318,440.9202,5.6563801765441895,-1.2341142892837524,0.69755619764328,True
189,P1,63.78,1788.2637,728.3055,4.179975986480713,26.284391403198242,0.8099029064178467,True
189,P2,63.78,360.5191,441.7423,5.564241409301758,-0.9520118236541748,0.7461913228034973,True
190,P1,63.8,1783.9331,728.67444,4.146998405456543,26.272506713867188,0.7927192449569702,True
190,P2,63.8,360.51886,441.72986,5.565679550170898,-0.9562426805496216,0.7595241069793701,True
191,P1,63.82,1763.8357,729.07434,4.030670166015625,26.20615005493164,0.8427595496177673,True
191,P2,63.82,361.0844,424.08542,8.135122299194336,-8.447961807250977,0.8046197891235352,True
192,P1,63.84,1765.8325,728.3271,4.06137228012085,26.206375122070312,0.8373255729675293,True
192,P2,63.84,360.51752,424.3758,8.068058967590332,-8.293082237243652,0.820996105670929,True
193,P1,63.86,1765.6432,728.4002,4.0583930015563965,26.206375122070312,0.8379616737365723,True
193,P2,63.86,360.57202,424.3701,8.070494651794434,-8.296225547790527,0.8301629424095154,True
194,P1,63.88,1768.4015,728.4029,4.072793006896973,26.21599006652832,0.7862693071365356,True
194,P2,63.88,360.58823,423.2442,8.276214599609375,-8.898106575012207,0.6935213208198547,True
195,P1,63.9,1767.1824,728.173,4.0726494789123535,26.209686279296875,0.8308591246604919,True
195,P2,63.9,360.7826,422.92078,8.341583251953125,-9.075188636779785,0.6964075565338135,True
196,P1,63.92,1775.2031,729.8334,4.069584369659424,26.252334594726562,0.8115137815475464,True
196,P2,63.92,361.336,423.09103,8.32447624206543,-8.983736991882324,0.7415767312049866,True
197,P1,63.94,1771.1514,732.18604,3.985295534133911,26.258956909179688,0.8361226916313171,True
197,P2,63.94,362.15482,424.38553,8.108733177185059,-8.292207717895508,0.7733019590377808,True
198,P1,63.96,1769.3513,732.1119,3.977947473526001,26.252111434936523,0.850852370262146,True
198,P2,63.96,362.14853,424.68942,8.054072380065918,-8.132919311523438,0.7543855905532837,True
199,P1,63.98,1772.4502,734.20575,3.9385173320770264,26.280921936035156,0.8735558986663818,True
199,P2,63.98,362.73062,424.2471,8.14868450164795,-8.366730690002441,0.6995561718940735,True
200,P1,64.0,1772.4734,734.19745,3.9388551712036133,26.280929565429688,0.8735803961753845,True
200,P2,64.0,362.73077,424.24673,8.148755073547363,-8.366924285888672,0.70001220703125,True
201,P1,64.02,1776.9292,733.4984,3.9802863597869873,26.290205001831055,0.8851108551025391,True
201,P2,64.02,363.11636,424.1364,8.178813934326172,-8.426362991333008,0.7110737562179565,True
202,P1,64.04,1780.9504,732.8676,4.01786470413208,26.29861831665039,0.8843477368354797,True
202,P2,64.04,363.25958,424.55685,8.106528282165527,-8.205056190490723,0.7501458525657654,True
203,P1,64.06,1781.6906,733.1445,4.014305591583252,26.303543090820312,0.8844947218894958,True
203,P2,64.06,362.8913,424.48022,8.110774040222168,-8.2443208694458,0.7545451521873474,True
204,P1,64.08,1782.4094,733.34106,4.012781620025635,26.307703018188477,0.8937212824821472,True
204,P2,64.08,364.8662,424.2238,8.208542823791504,-8.384719848632812,0.8138375878334045,True
205,P1,64.1,1782.4288,733.32245,4.013378143310547,26.30760955810547,0.8939075469970703,True
205,P2,64.1,364.86633,424.2221,8.20885181427002,-8.38560962677002,0.8126332759857178,True
206,P1,64.12,1782.885,732.6459,4.033818244934082,26.303380966186523,0.882814347743988,True
206,P2,64.12,366.30133,442.51758,5.588385581970215,-0.6842346787452698,0.7516809701919556,True
207,P1,64.14,1785.8362,733.8348,4.017335414886475,26.323705673217773,0.887886643409729,True
207,P2,64.14,367.67535,442.7333,5.590447425842285,-0.6105960607528687,0.7429406046867371,True
208,P1,64.16,1785.8328,733.837,4.017259120941162,26.323711395263672,0.887912929058075,True
208,P2,64.16,367.67535,442.7333,5.590447425842285,-0.6105960607528687,0.7429406046867371,True
209,P1,64.18,1793.1687,732.18427,4.099668502807617,26.334970474243164,0.9094561338424683,True
209,P2,64.18,370.00037,442.67032,5.643340587615967,-0.6288488507270813,0.779809832572937,True
210,P1,64.2,1791.7361,732.6777,4.078897476196289,26.334213256835938,0.8981003761291504,True
210,P2,64.2,370.09448,442.29022,5.689486503601074,-0.756209135055542,0.7410776019096375,True
211,P1,64.22,1793.637,732.27655,4.099609375,26.337377548217773,0.9057518243789673,True
211,P2,64.22,371.51953,426.73312,7.933678150177002,-7.113922119140625,0.1904800832271576,True
212,P1,64.24,1795.637,733.9781,4.0641770362854,26.35866355895996,0.8902910351753235,True
212,P2,64.24,371.90985,439.55997,6.05648136138916,-1.7036269903182983,0.585168719291687,True
213,P1,64.26,1795.663,733.9463,4.065163612365723,26.35848617553711,0.8901413083076477,True
213,P2,64.26,371.91833,441.21198,5.85383415222168,-1.1220345497131348,0.6083889007568359,True
214,P1,64.28,1794.7095,733.6469,4.0682573318481445,26.352680206298828,0.9018136262893677,True
214,P2,64.28,372.51068,424.87408,8.289033889770508,-8.06224250793457,0.4627857506275177,True
215,P1,64.3,1794.8147,734.6752,4.041289329528809,26.361677169799805,0.9083203077316284,True
215,P2,64.3,373.2816,426.7921,7.9677734375,-7.08804178237915,0.5250789523124695,True
216,P1,64.32,1793.4364,737.77045,3.9524712562561035,26.382638931274414,0.9195753335952759,True
216,P2,64.32,372.12982,425.1682,8.225763320922852,-7.908318042755127,0.2641104757785797,True
217,P1,64.34,1791.9664,738.4406,3.9275028705596924,26.38313865661621,0.9123184084892273,True
217,P2,64.34,372.908,428.06375,7.820219993591309,-6.70093446969986,,False
218,P1,64.36,1791.7534,738.6907,3.91991925239563,26.38446617126465,0.9173780083656311,True
218,P2,64.36,373.6862,430.95926,7.414676666259766,-5.493550896644592,,False
219,P1,64.38,1790.3191,738.2287,3.9246349334716797,26.37579345703125,0.9142500162124634,True
219,P2,64.38,374.46436,433.8548,7.009133338928223,-4.286167323589325,,False
220,P1,64.4,1790.3185,738.22833,3.9246413707733154,26.37578773498535,0.9142752289772034,True
220,P2,64.4,375.24252,436.75034,6.60359001159668,-3.0787837505340576,,False
221,P1,64.42,1790.0658,736.20746,3.976252794265747,26.358184814453125,0.9123321175575256,True
221,P2,64.42,376.02072,439.64584,6.198046684265137,-1.8714001774787903,,False
222,P1,64.44,1790.8425,737.27966,3.952073097229004,26.36974334716797,0.9133504629135132,True
222,P2,64.44,376.7989,442.54138,5.792503356933594,-0.664016604423523,0.6878537535667419,True
223,P1,64.46,1790.8369,736.9849,3.9597675800323486,26.367284774780273,0.9135348796844482,True
223,P2,64.46,376.86398,428.02795,7.845585346221924,-6.491429805755615,0.28904449939727783,True
224,P1,64.48,1791.6307,735.9126,3.9920573234558105,26.361083984375,0.9066472053527832,True
224,P2,64.48,379.65186,425.61005,8.340076446533203,-7.697798252105713,0.5521732568740845,True
225,P1,64.5,1791.5533,735.9461,3.9907751083374023,26.361099243164062,0.906517744064331,True
225,P2,64.5,379.6447,425.6173,8.338570594787598,-7.694050312042236,0.5512851476669312,True
226,P1,64.52,1792.6364,734.1757,4.043372631072998,26.34998893737793,0.9111384153366089,True
226,P2,64.52,382.85214,426.13586,8.327219009399414,-7.436290740966797,0.8110244274139404,True
227,P1,64.54,1792.9845,732.18445,4.0987043380737305,26.334333419799805,0.910040020942688,True
227,P2,64.54,388.17322,443.32315,5.924713134765625,-0.3892720341682434,0.44712868332862854,True
228,P1,64.56,1792.9844,732.18445,4.098703861236572,26.334333419799805,0.9100413918495178,True
228,P2,64.56,388.17325,443.32523,5.924466133117676,-0.3885843753814697,0.4471053183078766,True
229,P1,64.58,1793.0789,733.87115,4.053805351257324,26.348949432373047,0.8973869681358337,True
229,P2,64.58,390.17633,443.39664,5.955557823181152,-0.36234763264656067,0.8588395714759827,True
230,P1,64.6,1793.0552,734.10443,4.047442436218262,26.350831985473633,0.8965532183647156,True
230,P2,64.6,390.43658,443.8547,5.906182289123535,-0.21112209558486938,0.8532635569572449,True
231,P1,64.62,1796.8972,733.9803,4.0706400871276855,26.363025665283203,0.8801947236061096,True
231,P2,64.62,391.77423,443.89728,5.927448272705078,-0.19535861909389496,0.8771602511405945,True
232,P1,64.64,1799.0416,735.73206,4.0349297523498535,26.38499641418457,0.8572787642478943,True
232,P2,64.64,397.9119,444.05444,6.02964973449707,-0.13547678291797638,0.8121051788330078,True
233,P1,64.66,1799.079,735.7597,4.034387111663818,26.385353088378906,0.8570885062217712,True
233,P2,64.66,397.90454,444.05554,6.029372692108154,-0.13512755930423737,0.8119982481002808,True
234,P1,64.68,1798.8823,737.1003,3.997896909713745,26.39572525024414,0.8435739278793335,True
234,P2,64.68,404.07822,443.12646,6.265693664550781,-0.43441641330718994,0.7048929929733276,True
235,P1,64.7,1798.8252,737.8056,3.9790544509887695,26.401308059692383,0.8410125374794006,True
235,P2,64.7,403.22345,443.82822,6.162240028381348,-0.20244522392749786,0.7371129393577576,True
236,P1,64.72,1798.5516,739.95886,3.921525001525879,26.417865753173828,0.8487337231636047,True
236,P2,64.72,399.6021,433.97266,7.431080341339111,-3.853768825531006,0.44013717770576477,True
237,P1,64.74,1799.8857,741.64606,3.884767770767212,26.4359188079834,0.8681036233901978,True
237,P2,64.74,405.5271,442.19345,6.41230583190918,-0.7485194206237793,0.3606792390346527,True
238,P1,64.76,1800.7273,741.5863,3.890542507171631,26.43828582763672,0.8679518699645996,True
238,P2,64.76,404.91162,443.28073,6.2632904052734375,-0.38176673650741577,0.2607196271419525,True
239,P1,64.78,1800.6875,742.49493,3.867065906524658,26.445375442504883,0.881596565246582,True
239,P2,64.78,404.1609,441.81534,6.432644844055176,-0.8800035715103149,0.6858286261558533,True
240,P1,64.8,1800.6288,742.48975,3.86690354347229,26.44513702392578,0.88131183385849,True
240,P2,64.8,404.16962,441.987,6.4108991622924805,-0.8208768963813782,0.6883980631828308,True
241,P1,64.82,1798.8385,742.4524,3.8588647842407227,26.438806533813477,0.8794869184494019,True
241,P2,64.82,404.791,427.26953,8.684600830078125,-6.909617900848389,0.8156726956367493,True
242,P1,64.84,1794.9846,742.30615,3.8432412147521973,26.424657821655273,0.8712061643600464,True
242,P2,64.84,405.218,440.84933,6.579607963562012,-1.2160589694976807,0.8400606513023376,True
243,P1,64.86,1795.195,742.10175,3.849508285522461,26.42373275756836,0.8678402304649353,True
243,P2,64.86,405.53827,426.90295,8.772117614746094,-7.094534873962402,0.8243395686149597,True
244,P1,64.88,1793.8665,740.4601,3.884878396987915,26.40604019165039,0.8606376647949219,True
244,P2,64.88,405.2527,432.50104,7.793478488922119,-4.480502128601074,0.7890375852584839,True
245,P1,64.9,1793.7988,740.4515,3.884758234024048,26.405742645263672,0.8609873056411743,True
245,P2,64.9,405.2234,432.95828,7.71962308883667,-4.283598899841309,0.792161762714386,True
246,P1,64.92,1790.7622,741.1399,3.8517773151397705,26.401046752929688,0.8609293699264526,True
246,P2,64.92,403.2346,426.49356,8.78899097442627,-7.297023296356201,0.5667359828948975,True
247,P1,64.94,1787.929,739.4006,3.882140874862671,26.377304077148438,0.8770087361335754,True
247,P2,64.94,423.33557,426.82544,9.253717422485352,-7.168734550476074,0.8239074349403381,True
248,P1,64.96,1787.9407,739.3975,3.8822789192199707,26.377317428588867,0.8767496943473816,True
248,P2,64.96,423.33557,426.82544,9.253717422485352,-7.168734550476074,0.8239074349403381,True
249,P1,64.98,1787.4067,738.23486,3.909658670425415,26.36594009399414,0.8786755204200745,True
249,P2,64.98,423.1352,426.7133,9.270400047302246,-7.225573539733887,0.7624797224998474,True
250,P1,65.0,1787.1035,738.69196,3.8962666988372803,26.36867904663086,0.8785802721977234,True
250,P2,65.0,424.25494,427.22742,9.19961929321289,-6.966755390167236,0.640941858291626,True
251,P1,65.02,1786.5077,735.8363,3.9677822589874268,26.34290885925293,0.8763865232467651,True
251,P2,65.02,426.96716,426.18906,9.476999282836914,-7.503929615020752,0.8199554681777954,True
252,P1,65.04,1785.5658,735.673,3.9672515392303467,26.338314056396484,0.8622840642929077,True
252,P2,65.04,436.28265,426.0746,9.752473831176758,-7.584436893463135,0.23883067071437836,True
253,P1,65.06,1785.5889,735.7348,3.9657418727874756,26.338911056518555,0.8628263473510742,True
253,P2,65.06,436.27826,426.06326,9.754692077636719,-7.590367317199707,0.23932035267353058,True
254,P1,65.08,1784.3105,740.7639,3.8288893699645996,26.376218795776367,0.8787294626235962,True
254,P2,65.08,439.2915,428.10223,9.424728393554688,-6.555671215057373,0.1962420791387558,True
255,P1,65.1,1784.3427,741.02734,3.822334051132202,26.378475189208984,0.8800815343856812,True
255,P2,65.1,439.45837,427.92444,9.464144706726074,-6.644414901733398,0.20499847829341888,True
256,P1,65.12,1783.7845,743.62726,3.7538225650787354,26.39763069152832,0.8815752267837524,True
256,P2,65.12,436.74982,430.6245,8.882171630859375,-5.3438215255737305,0.3045370280742645,True
257,P1,65.14,1783.7319,745.5728,3.7050552368164062,26.412988662719727,0.8883621096611023,True
257,P2,65.14,432.8423,434.8123,8.068275451660156,-3.5096235275268555,0.2587686777114868,True
258,P1,65.16,1783.6117,745.7152,3.700932264328003,26.41371726989746,0.8896206021308899,True
258,P2,65.16,432.8865,443.14648,6.84923791885376,-0.3903906047344208,0.3585805892944336,True
259,P1,65.18,1779.4297,745.11694,3.6950488090515137,26.39502716064453,0.8674484491348267,True
259,P2,65.18,433.56772,443.4679,6.820813179016113,-0.2810802459716797,0.17276127636432648,True
260,P1,65.2,1779.431,745.1171,3.6950509548187256,26.39503288269043,0.8674640655517578,True
260,P2,65.2,433.45496,428.6577,9.1647367477417,-6.2733893394470215,0.15442761778831482,True
261,P1,65.22,1782.0414,747.25653,3.655208110809326,26.420682907104492,0.8779399991035461,True
261,P2,65.22,435.3485,436.41406,7.984286785125732,-3.1574699245393276,,False
262,P1,65.24,1781.2524,749.45544,3.5977985858917236,26.435287475585938,0.8826200366020203,True
262,P2,65.24,437.24203,444.1704,6.803836822509766,-0.04155050963163376,0.677331268787384,True
263,P1,65.26,1780.159,748.96436,3.6043481826782227,26.4278564453125,0.8824748992919922,True
263,P2,65.26,434.35193,444.36728,6.719534397125244,0.019253544509410858,0.7469104528427124,True
264,P1,65.28,1776.9617,747.72766,3.6187405586242676,26.40758514404297,0.8764346837997437,True
264,P2,65.28,434.66742,444.32635,6.731222152709961,0.00623062439262867,0.7111305594444275,True
265,P1,65.3,1776.9426,747.7632,3.6177818775177,26.40780258178711,0.8767893314361572,True
265,P2,65.3,434.50885,444.31543,6.729418754577637,0.0023959476966410875,0.7143347263336182,True
266,P1,65.32,1776.0603,748.26544,3.601247787475586,26.408849716186523,0.8819566369056702,True
266,P2,65.32,433.69208,444.6369,6.671491622924805,0.10679513216018677,0.7603391408920288,True
267,P1,65.34,1776.0303,747.8984,3.610018014907837,26.405855178833008,0.8983127474784851,True
267,P2,65.34,433.47247,444.3857,6.699338912963867,0.024029133841395378,0.7285469174385071,True
268,P1,65.36,1776.056,747.8983,3.6101458072662354,26.40593910217285,0.8985183835029602,True
268,P2,65.36,433.4738,444.3856,6.699381351470947,0.02399088814854622,0.7286471128463745,True
269,P1,65.38,1778.592,748.0657,3.6185052394866943,26.415637969970703,0.8911311626434326,True
269,P2,65.38,436.00696,444.4442,6.743138313293457,0.04702096804976463,0.6480026245117188,True
270,P1,65.4,1778.1515,748.02704,3.617285966873169,26.413877487182617,0.8897075057029724,True
270,P2,65.4,436.7215,444.48004,6.752988815307617,0.05986529961228371,0.7449022531509399,True
271,P1,65.42,1779.895,748.70917,3.609246253967285,26.424989700317383,0.8995955586433411,True
271,P2,65.42,437.4171,444.54663,6.758467674255371,0.08278468996286392,0.7570478320121765,True
272,P1,65.44,1782.6119,746.4514,3.6778063774108887,26.416223526000977,0.898987889289856,True
272,P2,65.44,437.1577,444.3486,6.77890157699585,0.017223188653588295,0.7717558741569519,True
273,P1,65.46,1782.5603,746.4959,3.676455497741699,26.41640281677246,0.8990373015403748,True
273,P2,65.46,437.16022,444.34778,6.779059886932373,0.016955077648162842,0.7719791531562805,True
274,P1,65.48,1785.4429,748.373,3.6446032524108887,26.440689086914062,0.8788610100746155,True
274,P2,65.48,437.30078,444.74356,6.730666160583496,0.14713703095912933,0.707168698310852,True
275,P1,65.5,1784.1082,747.80316,3.651979684829712,26.431821823120117,0.8702893853187561,True
275,P2,65.5,437.278,444.59094,6.749913215637207,0.0971207469701767,0.6764057874679565,True
276,P1,65.52,1782.5007,748.82025,3.619297742843628,26.43445587158203,0.8367767930030823,True
276,P2,65.52,436.76227,433.66763,8.349736213684082,-3.9914188385009766,0.6403281092643738,True
277,P1,65.54,1788.8478,749.6465,3.630260467529297,26.46179962158203,0.8614526391029358,True
277,P2,65.54,441.3173,444.1834,6.8853068351745605,-0.03132418170571327,0.6355974078178406,True
278,P1,65.56,1785.0066,748.7576,3.633087396621704,26.442241668701172,0.8592162132263184,True
278,P2,65.56,441.71826,444.17847,6.894157409667969,-0.03238025680184364,0.6217304468154907,True
279,P1,65.58,1789.1914,747.17584,3.6923983097076416,26.44376564025879,0.852556586265564,True
279,P2,65.58,440.3671,443.24802,6.990163803100586,-0.34612029790878296,0.5963271856307983,True
280,P1,65.6,1789.1975,747.17487,3.6924526691436768,26.44377899169922,0.8526235222816467,True
280,P2,65.6,440.3169,443.24683,6.989284515380859,-0.3465903401374817,0.5917877554893494,True
281,P1,65.62,1781.9495,743.0164,3.760003089904785,26.386566162109375,0.8548012971878052,True
281,P2,65.62,437.86087,443.9554,6.844631195068359,-0.11205147206783295,0.6655651926994324,True
282,P1,65.64,1782.9672,735.9743,3.9460079669952393,26.331960678100586,0.8453059196472168,True
282,P2,65.64,435.43494,444.46964,6.72825813293457,0.05453295260667801,0.33193671703338623,True
283,P1,65.66,1787.8159,735.8257,3.9747729301452637,26.3472957611084,0.8065229654312134,True
283,P2,65.66,435.40445,433.36362,8.368497848510742,-4.121265411376953,0.3336319923400879,True
284,P1,65.68,1787.488,736.08295,3.9663171768188477,26.34832763671875,0.803054928779602,True
284,P2,65.68,433.9228,443.82538,6.78120231628418,-0.16093142330646515,0.48426729440689087,True
285,P1,65.7,1787.3477,736.05804,3.9662528038024902,26.347639083862305,0.8088741302490234,True
285,P2,65.7,433.9214,443.81448,6.782597541809082,-0.1645660102367401,0.48297861218452454,True
286,P1,65.72,1795.6187,737.49133,3.9709222316741943,26.387788772583008,0.8108283281326294,True
286,P2,65.72,432.09088,443.18945,6.8271803855896,-0.3769019842147827,0.4552672207355499,True
287,P1,65.74,1822.0583,738.5876,4.077207088470459,26.487014770507812,0.7402873039245605,True
287,P2,65.74,428.6709,443.43256,6.72517204284668,-0.2995584011077881,0.5787853598594666,True
288,P1,65.76,1822.0126,738.5874,4.076977729797363,26.486858367919922,0.7399060726165771,True
288,P2,65.76,428.6706,443.43253,6.725169658660889,-0.2995690405368805,0.5788307785987854,True
289,P1,65.78,1802.1838,737.1623,4.013168811798096,26.40752601623535,0.8251953721046448,True
289,P2,65.78,425.91306,443.18045,6.701615810394287,-0.3880496919155121,0.4923297166824341,True
290,P1,65.8,1802.4983,736.93146,4.020881175994873,26.406715393066406,0.8548877239227295,True
290,P2,65.8,425.7395,443.11554,6.706522464752197,-0.4101853370666504,0.595795750617981,True
291,P1,65.82,1839.7222,737.44574,4.198616981506348,26.538734436035156,0.6577042937278748,True
291,P2,65.82,424.65698,443.6691,6.612811088562012,-0.22587142884731293,0.7839598059654236,True
292,P1,65.84,1820.0659,739.32135,4.047598838806152,26.486005783081055,0.9034216403961182,True
292,P2,65.84,423.90805,442.3164,6.7737812995910645,-0.6847822070121765,0.7756661176681519,True
293,P1,65.86,1820.0577,739.3005,4.048108100891113,26.48581314086914,0.9033454656600952,True
293,P2,65.86,423.90698,442.40472,6.762089729309082,-0.6544520854949951,0.7763792276382446,True
294,P1,65.88,1825.7684,737.92346,4.113922119140625,26.494478225708008,0.9174573421478271,True
294,P2,65.88,421.8874,443.09085,6.630960941314697,-0.4235122501850128,0.7826437950134277,True
295,P1,65.9,1825.8165,737.701,4.120119094848633,26.492881774902344,0.9158684611320496,True
295,P2,65.9,421.42828,442.45135,6.704831600189209,-0.641456127166748,0.785950243473053,True
296,P1,65.92,1825.0078,737.76196,4.1143317222595215,26.49058723449707,0.9236733913421631,True
296,P2,65.92,415.3161,434.42996,7.72199010848999,-3.666491746902466,0.6631669402122498,True
297,P1,65.94,1826.4717,737.6589,4.124614715576172,26.49479866027832,0.917456328868866,True
297,P2,65.94,417.75494,442.91718,6.569039344787598,-0.4874720573425293,0.6985018849372864,True
298,P1,65.96,1826.7122,737.6974,4.124819755554199,26.495929718017578,0.9178964495658875,True
298,P2,65.96,419.34457,443.6067,6.513143062591553,-0.2539118528366089,0.7472251057624817,True
299,P1,65.98,1824.7593,737.6746,4.115389823913574,26.489042282104492,0.9174126982688904,True
299,P2,65.98,413.4286,426.4972,9.055678367614746,-7.316169738769531,0.6218422055244446,True
300,P1,66.0,1824.7753,737.67615,4.115431308746338,26.48910903930664,0.9172637462615967,True
300,P2,66.0,413.473,426.52026,9.052398681640625,-7.304467678070068,0.6216163039207458,True
301,P1,66.02,1826.3708,737.4626,4.1293559074401855,26.492897033691406,0.9228587746620178,True
301,P2,66.02,408.1831,425.0262,9.203838348388672,-8.07099437713623,0.7082624435424805,True
302,P1,66.04,1826.29,736.8732,4.144768714904785,26.487937927246094,0.9139053225517273,True
302,P2,66.04,406.52478,432.87524,7.763401985168457,-4.319754600524902,0.7499358654022217,True
303,P1,66.06,1825.9453,736.1547,4.1623616218566895,26.48101806640625,0.9151098728179932,True
303,P2,66.06,406.34192,444.48337,6.144448757171631,0.016358396038413048,0.8042041063308716,True
304,P1,66.08,1827.9441,735.2893,4.196173191070557,26.48099136352539,0.9216568470001221,True
304,P2,66.08,404.64337,443.57913,6.221062183380127,-0.2828526198863983,0.761402428150177,True
305,P1,66.1,1827.8865,735.289,4.195882797241211,26.480791091918945,0.9202404022216797,True
305,P2,66.1,404.628,444.97632,6.051488876342773,0.1731405407190323,0.7868058085441589,True
306,P1,66.12,1828.2205,736.0492,4.176982879638672,26.488025665283203,0.9198473691940308,True
306,P2,66.12,403.11194,424.53793,9.164070129394531,-8.318784713745117,0.7838146090507507,True
307,P1,66.14,1827.2206,734.1968,4.222220420837402,26.469690322875977,0.9003170728683472,True
307,P2,66.14,402.43823,444.57593,6.056343078613281,0.040723927319049835,0.658319890499115,True
308,P1,66.16,1827.2219,734.2017,4.222092151641846,26.46973419189453,0.9003628492355347,True
308,P2,66.16,402.43823,444.57593,6.056343078613281,0.040723927319049835,0.658319890499115,True
309,P1,66.18,1813.4121,733.7059,4.163740158081055,26.417814254760742,0.924731433391571,True
309,P2,66.18,401.92358,444.3881,6.068735122680664,-0.02098638378083706,0.7285353541374207,True
310,P1,66.2,1813.3383,733.8271,4.160062313079834,26.418556213378906,0.9238075017929077,True
310,P2,66.2,401.8009,444.3853,6.066650390625,-0.02206527069211006,0.7279572486877441,True
311,P1,66.22,1820.8037,733.9085,4.19668436050415,26.445091247558594,0.9010351896286011,True
311,P2,66.22,395.95483,444.5151,5.936342716217041,0.011644194833934307,0.7468809485435486,True
312,P1,66.24,1830.5123,731.0942,4.325300216674805,26.455902099609375,0.9076750874519348,True
312,P2,66.24,395.54526,444.43152,5.938201904296875,-0.016014711931347847,0.7727289795875549,True
313,P1,66.26,1830.5387,731.12823,4.324487209320068,26.456274032592773,0.9075943827629089,True
313,P2,66.26,395.63147,444.42014,5.9412384033203125,-0.019581738859415054,0.7705356478691101,True
314,P1,66.28,1837.523,725.19763,4.53108024597168,26.431617736816406,0.8885024785995483,True
314,P2,66.28,391.75494,444.76257,5.825371265411377,0.08533887565135956,0.7902718782424927,True
315,P1,66.3,1838.5796,724.8151,4.547962188720703,26.432159423828125,0.886718213558197,True
315,P2,66.3,391.31543,444.72574,5.821111679077148,0.07285667210817337,0.7971808314323425,True
316,P1,66.32,1826.1215,719.5069,4.637209415435791,26.341392517089844,0.8151416182518005,True
316,P2,66.32,392.62952,444.76074,5.842597007751465,0.08603188395500183,0.819886326789856,True
317,P1,66.34,1845.6204,713.1638,4.941723346710205,26.355976104736328,0.8031919002532959,True
317,P2,66.34,391.20633,443.7518,5.933546543121338,-0.2438519299030304,0.8161499500274658,True
318,P1,66.36,1841.8881,713.5848,4.907280921936035,26.345972061157227,0.743465781211853,True
318,P2,66.36,390.89108,443.80606,5.920891761779785,-0.226459801197052,0.8103581666946411,True
319,P1,66.38,1846.2352,709.8013,5.053025722503662,26.327560424804688,0.8617779016494751,True
319,P2,66.38,389.43665,443.68845,5.906207084655762,-0.26704150438308716,0.8332558870315552,True
320,P1,66.4,1846.2352,709.8012,5.053027629852295,26.327560424804688,0.8617779016494751,True
320,P2,66.4,389.43665,443.68845,5.906207084655762,-0.26704150438308716,0.8332558870315552,True
321,P1,66.42,1846.7391,709.50183,5.065644264221191,26.32668113708496,0.8816776871681213,True
321,P2,66.42,387.07153,425.26807,8.596305847167969,-7.89200496673584,0.7661646604537964,True
322,P1,66.44,1847.1215,710.827,5.0249552726745605,26.340303421020508,0.9037079215049744,True
322,P2,66.44,385.9396,425.30292,8.56015396118164,-7.871167182922363,0.8300610780715942,True
323,P1,66.46,1847.205,710.6708,5.030471324920654,26.339183807373047,0.9031383991241455,True
323,P2,66.46,385.97913,425.36716,8.549222946166992,-7.837867259979248,0.8224063515663147,True
324,P1,66.48,1847.617,713.04736,4.956745624542236,26.362321853637695,0.9041233062744141,True
324,P2,66.48,383.78876,425.25012,8.513738632202148,-7.893528938293457,0.8316466212272644,True
325,P1,66.5,1847.6418,713.1775,4.952755451202393,26.363588333129883,0.9037511944770813,True
325,P2,66.5,383.74744,425.3037,8.502717018127441,-7.865564823150635,0.8263627886772156,True
326,P1,66.52,1846.6959,718.3991,4.784578800201416,26.406389236450195,0.8817083239555359,True
326,P2,66.52,381.605,424.93878,8.514491081237793,-8.050854682922363,0.7155412435531616,True
327,P1,66.54,1847.3185,721.1048,4.705783843994141,26.43202781677246,0.8977257609367371,True
327,P2,66.54,377.3367,443.19394,5.72648286819458,-0.4458311200141907,0.726647675037384,True
328,P1,66.56,1847.5112,720.4366,4.727027416229248,26.42699432373047,0.896307110786438,True
328,P2,66.56,376.45026,443.70154,5.650345325469971,-0.2799602150917053,0.8610923290252686,True
329,P1,66.58,1847.9792,725.10846,4.590236186981201,26.468233108520508,0.9005773663520813,True
329,P2,66.58,375.08075,444.07233,5.58132791519165,-0.16103728115558624,0.8496997356414795,True
330,P1,66.6,1847.6488,723.5883,4.63332986831665,26.454307556152344,0.8999074697494507,True
330,P2,66.6,374.9469,444.0554,5.580663681030273,-0.16671250760555267,0.8525622487068176,True
331,P1,66.62,1846.9838,722.90564,4.649996757507324,26.446151733398438,0.909608006477356,True
331,P2,66.62,374.19797,443.71738,5.604709148406982,-0.27775245904922485,0.8395776152610779,True
332,P1,66.64,1848.1644,723.6482,4.634361743927002,26.4566650390625,0.9038731455802917,True
332,P2,66.64,373.8092,444.12802,5.5504150390625,-0.14472909271717072,0.8304399847984314,True
333,P1,66.66,1848.1644,723.6482,4.634361743927002,26.4566650390625,0.9038731455802917,True
333,P2,66.66,373.8092,444.12802,5.5504150390625,-0.14472909271717072,0.8304399847984314,True
334,P1,66.68,1848.5706,722.32733,4.675938129425049,26.446969985961914,0.9210264682769775,True
334,P2,66.68,373.127,444.01385,5.550169944763184,-0.18265585601329803,0.8121298551559448,True
335,P1,66.7,1849.4854,722.5521,4.674219608306885,26.452173233032227,0.9075629711151123,True
335,P2,66.7,373.11542,444.1642,5.53292179107666,-0.1339692920446396,0.8080890774726868,True
336,P1,66.72,1851.2805,722.5216,4.6849565505981445,26.458391189575195,0.9114808440208435,True
336,P2,66.72,372.67206,444.08847,5.532926559448242,-0.1590868979692459,0.7789798974990845,True
337,P1,66.74,1856.6202,722.4849,4.715306758880615,26.47736167907715,0.8982056975364685,True
337,P2,66.74,370.78152,444.04434,5.5014166831970215,-0.17594753205776215,0.7219985723495483,True
338,P1,66.76,1856.7495,722.4504,4.71705436706543,26.4775390625,0.8977963924407959,True
338,P2,66.76,370.7804,444.0498,5.500779151916504,-0.1741795837879181,0.7250875234603882,True
339,P1,66.78,1861.9958,723.03973,4.7280778884887695,26.50141143798828,0.9005684852600098,True
339,P2,66.78,370.4301,444.4339,5.450949668884277,-0.050787076354026794,0.7370220422744751,True
340,P1,66.8,1861.9955,723.0383,4.728118419647217,26.50139808654785,0.900544285774231,True
340,P2,66.8,370.43085,444.43146,5.451236248016357,-0.05157007277011871,0.7369126677513123,True
341,P1,66.82,1864.0228,721.91364,4.773220539093018,26.49937629699707,0.884536862373352,True
341,P2,66.82,370.6054,439.71808,6.009995460510254,-1.648010015487671,0.7047158479690552,True
342,P1,66.84,1864.3,722.5229,4.756296634674072,26.505451202392578,0.8834733963012695,True
342,P2,66.84,369.38882,443.02484,5.590419769287109,-0.5116859674453735,0.7518535852432251,True
343,P1,66.86,1864.5634,722.2244,4.766773223876953,26.503923416137695,0.8810592293739319,True
343,P2,66.86,369.2351,443.0873,5.5802435874938965,-0.49120020866394043,0.7533497214317322,True
344,P1,66.88,1866.8262,719.4917,4.862846851348877,26.4892578125,0.8745487928390503,True
344,P2,66.88,367.13617,425.13873,8.102302551269531,-7.9117112159729,0.6215465068817139,True
345,P1,66.9,1866.8406,719.51324,4.862261772155762,26.489492416381836,0.8740006685256958,True
345,P2,66.9,366.27856,440.92358,5.775259971618652,-1.2273203134536743,0.6210392713546753,True
346,P1,66.92,1864.1655,720.0789,4.82999849319458,26.4845027923584,0.8725572228431702,True
346,P2,66.92,368.7493,443.12906,5.565979957580566,-0.47800204157829285,0.686323344707489,True
347,P1,66.94,1871.1577,722.3903,4.798011302947998,26.529199600219727,0.866003692150116,True
347,P2,66.94,369.07202,443.60416,5.518122673034668,-0.32146263122558594,0.6682699918746948,True
348,P1,66.96,1871.1577,722.3903,4.798011302947998,26.529199600219727,0.866003692150116,True
348,P2,66.96,369.07202,443.60416,5.518122673034668,-0.32146263122558594,0.6682699918746948,True
349,P1,66.98,1873.6106,720.7812,4.860761642456055,26.52481460571289,0.8751258254051208,True
349,P2,66.98,370.0191,443.01184,5.6042351722717285,-0.5152197480201721,0.6082623600959778,True
350,P1,67.0,1872.9364,721.4156,4.837558746337891,26.52761459350586,0.8684646487236023,True
350,P2,67.0,369.88144,443.8286,5.508382320404053,-0.24719366431236267,0.6326249837875366,True
351,P1,67.02,1872.4424,720.1234,4.874551773071289,26.515077590942383,0.8897096514701843,True
351,P2,67.02,363.8639,443.06833,5.477783679962158,-0.5040837526321411,0.6587842702865601,True
352,P1,67.04,1871.2263,719.96686,4.8726301193237305,26.509326934814453,0.8939685821533203,True
352,P2,67.04,364.47754,443.65417,5.423641204833984,-0.31110450625419617,0.7593221068382263,True
353,P1,67.06,1871.2493,719.90466,4.874678134918213,26.50889015197754,0.8933918476104736,True
353,P2,67.06,364.50708,443.7067,5.418328762054443,-0.2939548194408417,0.7697393894195557,True
354,P1,67.08,1869.3545,718.58716,4.904965400695801,26.49086570739746,0.8998350501060486,True
354,P2,67.08,362.9479,443.61273,5.398777484893799,-0.3266000747680664,0.8560055494308472,True
355,P1,67.1,1869.4691,719.13684,4.888534069061279,26.495929718017578,0.9014374017715454,True
355,P2,67.1,362.88205,443.48065,5.412287712097168,-0.3698185384273529,0.8667025566101074,True
356,P1,67.12,1868.4283,717.82715,4.923482418060303,26.481016159057617,0.8953883647918701,True
356,P2,67.12,362.14215,443.35892,5.41163969039917,-0.4106189012527466,0.7840686440467834,True
357,P1,67.14,1866.5303,716.30585,4.960562705993652,26.460994720458984,0.9000951051712036,True
357,P2,67.14,361.65778,442.03632,5.552681922912598,-0.8512181639671326,0.19219715893268585,True
358,P1,67.16,1866.6257,715.6992,4.980255603790283,26.45610809326172,0.897596001625061,True
358,P2,67.16,361.6875,442.33325,5.519108295440674,-0.7512648105621338,0.36726948618888855,True
359,P1,67.18,1866.4933,716.30444,4.9603986740112305,26.460845947265625,0.8996469974517822,True
359,P2,67.18,362.0044,443.21176,5.425505638122559,-0.4591129422187805,0.48993751406669617,True
360,P1,67.2,1866.4929,716.32544,4.959734916687012,26.46102523803711,0.8999783396720886,True
360,P2,67.2,361.9107,443.08978,5.437429904937744,-0.4994012117385864,0.42724522948265076,True
361,P1,67.22,1867.2588,715.23267,4.998619556427002,26.45440673828125,0.8897279500961304,True
361,P2,67.22,361.23846,443.463,5.382536888122559,-0.3776823878288269,0.3360859751701355,True
362,P1,67.24,1867.0902,714.7182,5.014026641845703,26.449312210083008,0.8803756237030029,True
362,P2,67.24,361.89133,443.45377,5.396169185638428,-0.3798755407333374,0.5967651009559631,True
363,P1,67.26,1867.1332,714.0502,5.035597801208496,26.44364356994629,0.8920723795890808,True
363,P2,67.26,362.3835,444.0767,5.3363823890686035,-0.17683877050876617,0.49651676416397095,True
364,P1,67.28,1868.0165,718.67175,4.89486837387085,26.486679077148438,0.879448652267456,True
364,P2,67.28,362.37787,443.91187,5.354515075683594,-0.23013293743133545,0.5349372029304504,True
365,P1,67.3,1868.1031,718.7205,4.893836975097656,26.487409591674805,0.8790923953056335,True
365,P2,67.3,362.38916,443.93622,5.352032661437988,-0.22223258018493652,0.5289300084114075,True
366,P1,67.32,1868.1101,717.2803,4.938814163208008,26.47517967224121,0.8915958404541016,True
366,P2,67.32,362.817,444.9464,5.249423980712891,0.10178759694099426,0.7403876781463623,True
367,P1,67.34,1867.4353,717.7434,4.920539379119873,26.476654052734375,0.8959668874740601,True
367,P2,67.34,366.09167,444.4537,5.3656697273254395,-0.05050317198038101,0.785784125328064,True
368,P1,67.36,1867.4338,717.79456,4.918933391571045,26.47708511352539,0.8958775997161865,True
368,P2,67.36,366.09167,444.4537,5.3656697273254395,-0.05050317198038101,0.7857806086540222,True
369,P1,67.38,1866.6108,720.1965,4.839943885803223,26.494407653808594,0.8880290985107422,True
369,P2,67.38,364.63705,444.3998,5.3438239097595215,-0.06980779767036438,0.8011329174041748,True
370,P1,67.4,1866.4801,720.7145,4.823329448699951,26.498279571533203,0.8877927660942078,True
370,P2,67.4,365.07016,443.90167,5.407382965087891,-0.22985590994358063,0.8078998327255249,True
371,P1,67.42,1866.2274,723.4219,4.739753246307373,26.519853591918945,0.8899063467979431,True
371,P2,67.42,368.06384,444.4011,5.409237861633301,-0.0646272823214531,0.7887736558914185,True
372,P1,67.44,1865.5745,722.5958,4.76108980178833,26.51066780090332,0.87448650598526,True
372,P2,67.44,367.96844,444.222,5.427350997924805,-0.12237954884767532,0.6709975004196167,True
373,P1,67.46,1865.5536,722.73083,4.756895065307617,26.51171112060547,0.8740478754043579,True
373,P2,67.46,367.9442,444.221,5.426994323730469,-0.12272758781909943,0.6781654357910156,True
374,P1,67.48,1864.6058,725.2198,4.677146911621094,26.52875328063965,0.8767460584640503,True
374,P2,67.48,369.99872,444.9614,5.38416862487793,0.1169968843460083,0.5350075364112854,True
375,P1,67.5,1864.7263,725.57837,4.6671576499938965,26.532108306884766,0.8795976042747498,True
375,P2,67.5,369.3269,445.04,5.362730026245117,0.14093780517578125,0.2938337028026581,True
376,P1,67.52,1863.3318,727.9488,4.589900493621826,26.546293258666992,0.8727002739906311,True
376,P2,67.52,372.07135,444.99747,5.4199570417404175,0.13143308646976948,,False
377,P1,67.54,1860.4792,726.88354,4.605694770812988,26.527517318725586,0.8612103462219238,True
377,P2,67.54,374.81583,444.9549,5.477184057235718,0.1219283677637577,,False
378,P1,67.56,1860.4629,726.04767,4.6301774978637695,26.52065658569336,0.8608523011207581,True
378,P2,67.56,377.5603,444.91235,5.534411072731018,0.11242364905774593,,False
379,P1,67.58,1859.061,725.9587,4.625212669372559,26.514911651611328,0.8569431304931641,True
379,P2,67.58,380.30475,444.8698,5.591638088226318,0.10291893035173416,0.3882139027118683,True
380,P1,67.6,1859.0608,725.9587,4.625211238861084,26.514911651611328,0.8569428324699402,True
380,P2,67.6,380.30475,444.8698,5.591638088226318,0.10291893035173416,0.3882139027118683,True
381,P1,67.62,1857.6709,725.89056,4.619695663452148,26.50937843322754,0.8506532311439514,True
381,P2,67.62,380.38876,444.87982,5.592123031616211,0.10623176023364067,,False
382,P1,67.64,1856.885,724.87616,4.645391464233398,26.49821662902832,0.8544214367866516,True
382,P2,67.64,380.47278,444.8898,5.5926079750061035,0.10954459011554718,0.4876713752746582,True
383,P1,67.66,1856.237,725.21655,4.631805896759033,26.498703002929688,0.8540511131286621,True
383,P2,67.66,380.95544,444.81213,5.6106953620910645,0.08544370532035828,0.5688321590423584,True
384,P1,67.68,1857.4336,722.96063,4.705475807189941,26.48427963256836,0.8621429800987244,True
384,P2,67.68,377.9361,444.61267,5.575146198272705,0.017211657017469406,0.5712949633598328,True
385,P1,67.7,1857.3406,722.95605,4.705104351043701,26.483905792236328,0.8619240522384644,True
385,P2,67.7,377.87756,444.60706,5.5746541023254395,0.015326783992350101,0.5817352533340454,True
386,P1,67.72,1857.0083,721.95264,4.733470916748047,26.474292755126953,0.8605284094810486,True
386,P2,67.72,384.39105,445.36075,5.614597320556641,0.2650116980075836,0.5923128128051758,True
387,P1,67.74,1858.3969,721.5745,4.752535820007324,26.47614097595215,0.8707696199417114,True
387,P2,67.74,384.51306,445.7309,5.575277805328369,0.3817914128303528,0.7710439562797546,True
388,P1,67.76,1858.3969,721.5745,4.752535820007324,26.47614097595215,0.8707696199417114,True
388,P2,67.76,384.51306,445.7309,5.575277805328369,0.3817914128303528,0.7710439562797546,True
389,P1,67.78,1860.6768,720.83594,4.787541389465332,26.478191375732422,0.8768696188926697,True
389,P2,67.78,384.93808,445.7202,5.584586143493652,0.37910589575767517,0.6631712913513184,True
390,P1,67.8,1860.3821,720.82623,4.786209583282471,26.477039337158203,0.8722302317619324,True
390,P2,67.8,384.5829,445.37317,5.6168718338012695,0.2692321538925171,0.6154360771179199,True
391,P1,67.82,1861.355,721.2679,4.778135776519775,26.484291076660156,0.8837842345237732,True
391,P2,67.82,385.64368,445.48117,5.624998092651367,0.30497458577156067,0.8401787281036377,True
392,P1,67.84,1858.0745,720.9538,4.769591808319092,26.46973419189453,0.8630356192588806,True
392,P2,67.84,390.3597,445.38446,5.726589679718018,0.281651109457016,0.558286726474762,True
393,P1,67.86,1858.2748,720.96796,4.770266056060791,26.4705810546875,0.8631455898284912,True
393,P2,67.86,390.36243,445.38553,5.726519584655762,0.2819936275482178,0.5538138747215271,True
394,P1,67.88,1856.2805,722.669,4.707914352416992,26.477678298950195,0.8460239171981812,True
394,P2,67.88,388.44482,445.88092,5.633469581604004,0.4350183606147766,0.6282995343208313,True
395,P1,67.9,1855.5388,724.2102,4.657828330993652,26.487865447998047,0.8458328247070312,True
395,P2,67.9,395.3023,445.64606,5.791787624359131,0.37203365564346313,0.6823980808258057,True
396,P1,67.92,1851.2993,731.0768,4.435665130615234,26.528759002685547,0.8191279768943787,True
396,P2,67.92,397.6489,445.52435,5.851150989532471,0.33724111318588257,0.6144199967384338,True
397,P1,67.94,1851.0223,732.8842,4.38320779800415,26.542163848876953,0.8349173069000244,True
397,P2,67.94,388.28256,445.67725,5.653372287750244,0.3708450496196747,0.7297578454017639,True
398,P1,67.96,1850.1815,731.2911,4.423671245574951,26.526538848876953,0.8337695598602295,True
398,P2,67.96,388.31165,445.65814,5.656092643737793,0.36488083004951477,0.692835807800293,True
399,P1,67.98,1848.4797,734.6289,4.321234226226807,26.54703712463379,0.8717469573020935,True
399,P2,67.98,385.70874,445.42834,5.632218360900879,0.2883947193622589,0.7986182570457458,True
400,P1,68.0,1848.4797,734.62897,4.321232318878174,26.54703712463379,0.871746838092804,True
400,P2,68.0,385.70874,445.42834,5.632218360900879,0.2883947193622589,0.7986182570457458,True
401,P1,68.02,1853.2855,735.63104,4.318592071533203,26.57158088684082,0.8433763384819031,True
401,P2,68.02,385.2412,445.64804,5.598484516143799,0.35690945386886597,0.8434509634971619,True
402,P1,68.03999999999999,1851.102,733.3731,4.369931697845459,26.546306610107422,0.8656048774719238,True
402,P2,68.03999999999999,383.52826,445.678,5.562415599822998,0.36365318298339844,0.858975350856781,True
403,P1,68.06,1851.9146,734.27704,4.348973274230957,26.556249618530273,0.8720740079879761,True
403,P2,68.06,384.1356,445.30316,5.616206645965576,0.24640008807182312,0.8632349371910095,True
404,P1,68.08,1848.5151,732.0468,4.393528461456299,26.526723861694336,0.8834691047668457,True
404,P2,68.08,382.65768,445.95486,5.514969825744629,0.4489307999610901,0.8619197607040405,True
405,P1,68.1,1848.5588,732.3529,4.385149955749512,26.529315948486328,0.8847763538360596,True
405,P2,68.1,382.65454,445.95538,5.514852523803711,0.44908764958381653,0.8614794611930847,True
406,P1,68.12,1844.3939,732.525,4.358390808105469,26.51609992980957,0.8913645148277283,True
406,P2,68.12,381.3581,445.77167,5.5106306076049805,0.38962361216545105,0.8609763383865356,True
407,P1,68.14,1837.5498,731.5428,4.349848747253418,26.484220504760742,0.904719889163971,True
407,P2,68.14,380.40924,447.09308,5.348062038421631,0.795838475227356,0.8710814118385315,True
408,P1,68.16,1837.5494,731.54297,4.349841594696045,26.484220504760742,0.904714822769165,True
408,P2,68.16,380.40924,447.09308,5.348062038421631,0.795838475227356,0.8710796236991882,True
409,P1,68.18,1838.7218,737.8397,4.182811260223389,26.538358688354492,0.8907251358032227,True
409,P2,68.18,380.28882,446.87408,5.369475364685059,0.7288702726364136,0.8820596933364868,True
410,P1,68.2,1838.418,738.6329,4.159901142120361,26.543481826782227,0.892575740814209,True
410,P2,68.2,380.0571,446.7762,5.375741481781006,0.6985434889793396,0.8751388788223267,True
411,P1,68.22,1841.4316,743.3995,4.048987865447998,26.590160369873047,0.8919257521629333,True
411,P2,68.22,380.28235,446.14764,5.448648452758789,0.5051251649856567,0.8605624437332153,True
412,P1,68.24,1842.1875,742.90576,4.065739631652832,26.58901596069336,0.8795023560523987,True
412,P2,68.24,380.04355,445.89926,5.4715189933776855,0.4274373948574066,0.8416118025779724,True
413,P1,68.26,1842.1912,742.9194,4.065401077270508,26.589130401611328,0.8794628977775574,True
413,P2,68.26,379.84006,445.96487,5.460414886474609,0.44757553935050964,0.8428025841712952,True
414,P1,68.28,1843.7955,742.74524,4.07810115814209,26.59327507019043,0.8737359642982483,True
414,P2,68.28,379.1524,445.8826,5.45646333694458,0.4208303987979889,0.8171224594116211,True
415,P1,68.3,1842.7537,742.8448,4.070207118988037,26.59048080444336,0.8745854496955872,True
415,P2,68.3,379.02737,445.81635,5.461408615112305,0.3999424874782562,0.8209988474845886,True
416,P1,68.32,1843.0294,741.59863,4.104445934295654,26.58201026916504,0.8394959568977356,True
416,P2,68.32,377.74512,445.44598,5.478065490722656,0.2817697823047638,0.7834402918815613,True
417,P1,68.34,1848.4135,741.65186,4.130445957183838,26.60079002380371,0.7945894598960876,True
417,P2,68.34,377.15814,445.14578,5.500296592712402,0.18604610860347748,0.7744014859199524,True
418,P1,68.36,1850.3855,741.9916,4.131472587585449,26.610074996948242,0.8026957511901855,True
418,P2,68.36,376.93433,445.36502,5.47161340713501,0.25502118468284607,0.7824033498764038,True
419,P1,68.38,1847.0862,742.41376,4.103527069091797,26.601987838745117,0.7534363269805908,True
419,P2,68.38,377.59158,445.67767,5.4494829177856445,0.3543088138103485,0.7421078085899353,True
420,P1,68.4,1847.275,742.4238,4.104220390319824,26.602706909179688,0.7535769939422607,True
420,P2,68.4,377.6806,445.64212,5.455102443695068,0.343303382396698,0.7435923218727112,True
421,P1,68.42,1846.9768,741.90344,4.116462707519531,26.597780227661133,0.84014493227005,True
421,P2,68.42,374.24316,445.38797,5.417867183685303,0.2581739127635956,0.7113537788391113,True
422,P1,68.44,1848.0421,742.48145,4.106594562530518,26.60575294494629,0.6025753617286682,True
422,P2,68.44,373.15274,445.35168,5.401149272918701,0.24509526789188385,0.7179734706878662,True
423,P1,68.46000000000001,1849.704,742.0437,4.126622200012207,26.608139038085938,0.6707813143730164,True
423,P2,68.46000000000001,372.93005,445.36227,5.395753860473633,0.24809451401233673,0.7378313541412354,True
424,P1,68.48,1848.8975,741.41345,4.139245986938477,26.600650787353516,0.6090753078460693,True
424,P2,68.48,371.76654,445.3668,5.373174667358398,0.24775910377502441,0.3616751432418823,True
425,P1,68.5,1849.1279,741.5224,4.137524604797363,26.602256774902344,0.5850614309310913,True
425,P2,68.5,371.7723,445.38882,5.370866298675537,0.2547018826007843,0.4247557818889618,True
426,P1,68.52,1819.9307,743.74054,3.9318153858184814,26.520000457763672,0.8725503087043762,True
426,P2,68.52,371.4796,444.86066,5.423548221588135,0.08713791519403458,0.8166862726211548,True
427,P1,68.53999999999999,1812.1494,742.8533,3.9155032634735107,26.486862182617188,0.8912182450294495,True
427,P2,68.53999999999999,371.24414,444.9819,5.405632495880127,0.12532825767993927,0.7551662921905518,True
428,P1,68.56,1812.1714,742.8822,3.914870262145996,26.48716163635254,0.8912402391433716,True
428,P2,68.56,371.24414,444.9819,5.405632495880127,0.12532825767993927,0.7551662921905518,True
429,P1,68.58,1812.3208,744.43256,3.875967264175415,26.49970817565918,0.8681191205978394,True
429,P2,68.58,370.8168,445.46613,5.34429931640625,0.2775494158267975,0.8113206624984741,True
430,P1,68.6,1814.1697,743.8012,3.9013428688049316,26.50104522705078,0.8821136355400085,True
430,P2,68.6,370.8936,446.03955,5.283474445343018,0.4566030502319336,0.8055291175842285,True
431,P1,68.62,1808.7126,743.54395,3.880552291870117,26.48066520690918,0.8988550901412964,True
431,P2,68.62,369.1829,445.59802,5.299052715301514,0.31639808416366577,0.7798100113868713,True
432,P1,68.64,1803.4951,743.9466,3.844176769256592,26.466266632080078,0.897315263748169,True
432,P2,68.64,368.5252,445.5933,5.28715705871582,0.3139103651046753,0.8503731489181519,True
433,P1,68.66,1803.377,743.95184,3.8434526920318604,26.465909957885742,0.8974196910858154,True
433,P2,68.66,368.5285,445.70676,5.274935722351074,0.3493707776069641,0.8523576855659485,True
434,P1,68.68,1800.627,744.03613,3.827570676803589,26.45733642578125,0.9003363847732544,True
434,P2,68.68,368.61172,444.59903,5.3977580070495605,-0.0004354662378318608,0.6985014081001282,True
435,P1,68.7,1798.9015,744.0557,3.8184564113616943,26.45170021057129,0.8992455005645752,True
435,P2,68.7,368.58386,444.7521,5.3802947998046875,0.04838821291923523,0.7634555101394653,True
436,P1,68.72,1792.9941,746.0484,3.739105463027954,26.447593688964844,0.9109241962432861,True
436,P2,68.72,367.90128,444.80524,5.361423969268799,0.06432590633630753,0.7694358229637146,True
437,P1,68.74,1789.0719,745.00385,3.7456862926483154,26.426284790039062,0.9127119779586792,True
437,P2,68.74,366.24243,443.5567,5.468695640563965,-0.3406388461589813,0.8242524862289429,True
438,P1,68.76,1790.5605,744.9133,3.755343198776245,26.430540084838867,0.9072590470314026,True
438,P2,68.76,366.26575,443.52426,5.472805976867676,-0.351217657327652,0.8191858530044556,True
439,P1,68.78,1791.052,744.946,3.7569689750671387,26.43243980407715,0.9223904609680176,True
439,P2,68.78,364.47482,443.82947,5.403985023498535,-0.2540757358074188,0.7928292751312256,True
440,P1,68.8,1791.1069,744.9545,3.757028102874756,26.43269157409668,0.9225439429283142,True
440,P2,68.8,364.47498,443.82956,5.403977870941162,-0.2540458142757416,0.7928198575973511,True
441,P1,68.82,1780.744,743.485,3.7422337532043457,26.386308670043945,0.9027763605117798,True
441,P2,68.82,361.6797,443.68298,5.366518497467041,-0.3053590953350067,0.7798532843589783,True
442,P1,68.84,1783.9812,741.7258,3.8027610778808594,26.382938385009766,0.8846750259399414,True
442,P2,68.84,360.45905,444.05402,5.302052021026611,-0.18674610555171967,0.7907266020774841,True
443,P1,68.86,1780.04,741.96826,3.7768633365631104,26.371658325195312,0.8965272903442383,True
443,P2,68.86,360.58167,443.87305,5.324354648590088,-0.24508769810199738,0.8032532334327698,True
444,P1,68.88,1780.134,741.2886,3.7945380210876465,26.36642837524414,0.8972659707069397,True
444,P2,68.88,359.35562,444.57928,5.223642826080322,-0.01980147510766983,0.852047324180603,True
445,P1,68.9,1780.1158,741.2183,3.7962288856506348,26.365793228149414,0.8978368043899536,True
445,P2,68.9,359.51334,444.58298,5.2262349128723145,-0.01840268447995186,0.8428399562835693,True
446,P1,68.92,1782.772,740.69696,3.8228492736816406,26.370479583740234,0.8967229127883911,True
446,P2,68.92,360.28296,444.5094,5.248849391937256,-0.04080281779170036,0.8327592015266418,True
447,P1,68.94,1784.8911,738.1335,3.8994975090026855,26.356548309326172,0.8834128379821777,True
447,P2,68.94,359.3446,444.5029,5.231727600097656,-0.04418931528925896,0.835394024848938,True
448,P1,68.96000000000001,1784.894,738.1386,3.899379253387451,26.35660171508789,0.8832345008850098,True
448,P2,68.96000000000001,359.3446,444.5029,5.231727600097656,-0.04418931528925896,0.835394024848938,True
449,P1,68.98,1795.0906,736.2769,4.000189781188965,26.375961303710938,0.869318425655365,True
449,P2,68.98,360.05496,444.44635,5.251382827758789,-0.06127173453569412,0.8499473333358765,True
450,P1,69.0,1791.812,736.03845,3.9896645545959473,26.36275291442871,0.8687173128128052,True
450,P2,69.0,360.05875,444.46466,5.249459743499756,-0.05541161820292473,0.8515693545341492,True
451,P1,69.02,1795.8596,736.3301,4.002730846405029,26.3790340423584,0.8856830596923828,True
451,P2,69.02,358.31683,444.51706,5.21068000793457,-0.041103679686784744,0.7936668395996094,True
452,P1,69.03999999999999,1784.5367,733.8545,4.010099411010742,26.31940269470215,0.8247412443161011,True
452,P2,69.03999999999999,358.26935,444.42526,5.219736576080322,-0.07049302011728287,0.846970796585083,True
453,P1,69.06,1784.4839,733.88763,4.008944511413574,26.319503784179688,0.8233898282051086,True
453,P2,69.06,358.30096,444.43332,5.2194623947143555,-0.0678732693195343,0.8480687737464905,True
454,P1,69.08,1791.0483,732.82404,4.071385860443115,26.333080291748047,0.8618186116218567,True
454,P2,69.08,357.30353,444.57568,5.1851277351379395,-0.02382865734398365,0.8133917450904846,True
455,P1,69.1,1790.8319,732.36975,4.082499980926514,26.32846450805664,0.8714479804039001,True
455,P2,69.1,357.34735,444.65167,5.177758693695068,0.00042240647599101067,0.8065547943115234,True
456,P1,69.12,1801.3341,732.7855,4.125887393951416,26.368328094482422,0.83296799659729,True
456,P2,69.12,357.66647,444.0764,5.246260166168213,-0.18328671157360077,0.8126864433288574,True
457,P1,69.14,1798.2266,732.31445,4.122481346130371,26.353591918945312,0.8136063814163208,True
457,P2,69.14,356.03296,443.46512,5.282104969024658,-0.3836078941822052,0.7835803627967834,True
458,P1,69.16,1797.3711,731.9017,4.12923002243042,26.347129821777344,0.8328036665916443,True
458,P2,69.16,356.14777,442.8572,5.351848602294922,-0.5831878781318665,0.7877086997032166,True
459,P1,69.18,1795.7725,730.81805,4.1504106521606445,26.332340240478516,0.8768336772918701,True
459,P2,69.18,354.77728,443.56033,5.247538089752197,-0.3541758358478546,0.8083875179290771,True
460,P1,69.2,1795.7712,730.81445,4.150502681732178,26.332305908203125,0.8767443299293518,True
460,P2,69.2,354.7749,443.56128,5.24738883972168,-0.3538709580898285,0.8085507154464722,True
461,P1,69.22,1801.5648,728.2492,4.251821041107178,26.330474853515625,0.7994072437286377,True
461,P2,69.22,354.6942,443.36966,5.266916275024414,-0.4164716601371765,0.794431746006012,True
462,P1,69.24,1812.7467,728.5617,4.302308082580566,26.37240982055664,0.8051377534866333,True
462,P2,69.24,353.37372,443.9809,5.174860000610352,-0.21978825330734253,0.7820816040039062,True
463,P1,69.26,1807.1736,728.8092,4.265876293182373,26.35495948791504,0.8149831891059875,True
463,P2,69.26,353.5611,444.12064,5.163295745849609,-0.1745661348104477,0.7737400531768799,True
464,P1,69.28,1809.4724,727.96844,4.301594257354736,26.355831146240234,0.8079469203948975,True
464,P2,69.28,352.5877,443.16785,5.248668193817139,-0.48516929149627686,0.7350283265113831,True
465,P1,69.3,1809.1315,728.1219,4.295476913452148,26.355947494506836,0.8050209283828735,True
465,P2,69.3,352.7536,442.44098,5.332609176635742,-0.7253676056861877,0.6694810390472412,True
466,P1,69.32,1805.3145,730.5883,4.2067484855651855,26.363611221313477,0.8222673535346985,True
466,P2,69.32,352.68103,444.0725,5.151776313781738,-0.19121676683425903,0.8156371712684631,True
467,P1,69.34,1801.8893,731.7526,4.156877040863037,26.361547470092773,0.8689405918121338,True
467,P2,69.34,352.09094,444.2803,5.118208408355713,-0.12535034120082855,0.8105114102363586,True
468,P1,69.36,1801.8882,731.7543,4.156826496124268,26.36155891418457,0.8687821626663208,True
468,P2,69.36,352.09094,444.2803,5.118208408355713,-0.12535034120082855,0.8105114102363586,True
469,P1,69.38,1808.4745,734.2776,4.122611999511719,26.405452728271484,0.8183921575546265,True
469,P2,69.38,350.4289,444.29895,5.08476448059082,-0.12164855003356934,0.7248428463935852,True
470,P1,69.4,1815.0359,734.18445,4.159181118011475,26.4273681640625,0.8326957821846008,True
470,P2,69.4,349.83813,444.3394,5.069283962249756,-0.10953310877084732,0.7309777736663818,True
471,P1,69.42,1804.1053,733.78516,4.113245487213135,26.386274337768555,0.8830196261405945,True
471,P2,69.42,348.9361,444.3864,5.047252178192139,-0.0957581028342247,0.749901533126831,True
472,P1,69.44,1805.7366,734.82935,4.09358024597168,26.400562286376953,0.882047712802887,True
472,P2,69.44,347.5232,444.34808,5.024683952331543,-0.10991650819778442,0.7404463887214661,True
473,P1,69.46000000000001,1805.755,734.79767,4.094526290893555,26.40036392211914,0.8821964263916016,True
473,P2,69.46000000000001,347.535,444.36368,5.023252964019775,-0.10492600500583649,0.7402487397193909,True
474,P1,69.48,1805.5931,735.3265,4.07951021194458,26.40416717529297,0.8870804309844971,True
474,P2,69.48,345.6541,443.3237,5.098875522613525,-0.4427497982978821,0.6696184873580933,True
475,P1,69.5,1805.6499,735.0846,4.0862836837768555,26.402368545532227,0.8864949941635132,True
475,P2,69.5,345.761,443.79758,5.049991130828857,-0.28889843821525574,0.6796347498893738,True
476,P1,69.52,1805.9609,735.2796,4.0826640129089355,26.405046463012695,0.8896172642707825,True
476,P2,69.52,345.5174,443.76672,5.048671245574951,-0.29917311668395996,0.7450947165489197,True
477,P1,69.53999999999999,1805.6938,735.8046,4.0672478675842285,26.408443450927734,0.8945233225822449,True
477,P2,69.53999999999999,345.374,442.8426,5.145732402801514,-0.6007928252220154,0.7165876030921936,True
478,P1,69.56,1805.8605,736.1053,4.060087203979492,26.411481857299805,0.8972874879837036,True
478,P2,69.56,344.9455,425.2743,7.515270233154297,-7.790621757507324,0.6878931522369385,True
479,P1,69.58,1806.4374,735.62317,4.075928211212158,26.409509658813477,0.898470938205719,True
479,P2,69.58,343.95813,424.66095,7.594247817993164,-8.102594375610352,0.7628821730613708,True
480,P1,69.6,1806.457,735.6297,4.075854778289795,26.409631729125977,0.8984699845314026,True
480,P2,69.6,343.42303,423.86002,7.718647480010986,-8.519621849060059,0.7702617645263672,True
481,P1,69.62,1807.6318,735.206,4.093265533447266,26.410194396972656,0.890812337398529,True
481,P2,69.62,341.83066,424.00314,7.653050899505615,-8.439936637878418,0.7299460768699646,True
482,P1,69.64,1807.7256,734.353,4.116694450378418,26.403488159179688,0.8925420045852661,True
482,P2,69.64,341.27466,423.74133,7.684177398681641,-8.576519966125488,0.7675878405570984,True
483,P1,69.66,1807.3436,734.4296,4.112650394439697,26.402803421020508,0.887410044670105,True
483,P2,69.66,341.59552,423.74573,7.69164514541626,-8.5750732421875,0.7709779143333435,True
484,P1,69.68,1811.7847,736.0454,4.092200756072998,26.431354522705078,0.8958616256713867,True
484,P2,69.68,339.87543,423.28293,7.728190898895264,-8.816673278808594,0.7934622764587402,True
485,P1,69.7,1811.9323,736.077,4.0921149253845215,26.432119369506836,0.8951526284217834,True
485,P2,69.7,339.87695,423.28052,7.7286529541015625,-8.81796932220459,0.7935195565223694,True
486,P1,69.72,1814.3529,735.137,4.129871368408203,26.43280029296875,0.8946642279624939,True
486,P2,69.72,339.33542,424.01007,7.588192939758301,-8.429676055908203,0.8338866829872131,True
487,P1,69.74,1812.4662,734.1859,4.145798206329346,26.41849136352539,0.8883495926856995,True
487,P2,69.74,339.10706,430.85312,6.51128625869751,-5.152534008026123,0.807988703250885,True
488,P1,69.76,1812.4662,734.1859,4.145798206329346,26.41849136352539,0.8883495926856995,True
488,P2,69.76,339.10706,430.85312,6.51128625869751,-5.152534008026123,0.807988703250885,True
489,P1,69.78,1812.553,735.33105,4.115335941314697,26.428176879882812,0.8869355320930481,True
489,P2,69.78,338.86343,429.87994,6.646434783935547,-5.582909107208252,0.8112642168998718,True
490,P1,69.8,1812.2087,735.1277,4.119029521942139,26.42532730102539,0.8910768628120422,True
490,P2,69.8,338.84766,423.67938,7.632704734802246,-8.602646827697754,0.8247163891792297,True
491,P1,69.82,1811.6957,734.2506,4.140048027038574,26.41636085510254,0.8776310086250305,True
491,P2,69.82,338.87384,443.2812,4.974414348602295,-0.46496397256851196,0.822384238243103,True
492,P1,69.84,1811.0541,736.7099,4.07069206237793,26.434242248535156,0.8667470812797546,True
492,P2,69.84,338.49817,443.8508,4.9071269035339355,-0.28117188811302185,0.8344742059707642,True
493,P1,69.86,1811.0735,736.7092,4.070809841156006,26.434303283691406,0.8660896420478821,True
493,P2,69.86,338.50455,443.87454,4.904755592346191,-0.27353334426879883,0.836907148361206,True
494,P1,69.88,1808.4814,739.9234,3.97282075881958,26.45130729675293,0.8663217425346375,True
494,P2,69.88,338.83118,441.12503,5.20850944519043,-1.184004783630371,0.8252392411231995,True
495,P1,69.9,1808.3137,739.18146,3.9913647174835205,26.44480323791504,0.8686366081237793,True
495,P2,69.9,338.64612,443.0488,4.994862079620361,-0.5410852432250977,0.8156853914260864,True
496,P1,69.92,1802.8989,739.5048,3.9553749561309814,26.428970336914062,0.8905748724937439,True
496,P2,69.92,338.57214,438.18454,5.542637825012207,-2.2229697704315186,0.8052563071250916,True
497,P1,69.94,1798.5454,738.0151,3.972132921218872,26.40206527709961,0.8995971083641052,True
497,P2,69.94,338.34033,443.64902,4.9253716468811035,-0.34638023376464844,0.8280905485153198,True
498,P1,69.96000000000001,1798.5696,738.1791,3.9679605960845947,26.403486251831055,0.8985006809234619,True
498,P2,69.96000000000001,338.2342,443.53546,4.935346603393555,-0.3832222521305084,0.8309919834136963,True
499,P1,69.98,1793.9077,735.2809,4.020493507385254,26.363622665405273,0.9033064842224121,True
499,P2,69.98,338.7791,443.2592,4.97495698928833,-0.4722447693347931,0.8545475602149963,True
